UniProt,Compounds
A6NCN2,1
A6NDG6,1
A6NMY6,1
O00115,1
O00221,1
O00468,1
O00512,1
O00624,1
O00626,1
O14641|O15169,1
O14764,1
O14829,1
O14950,1
O14965|P40337,1
O14976|P40337,1
O14976|Q96SW2,1
O15075|P40337,1
O15117,1
O15169|P98164,1
O15379|O60341|P40337|Q9UKL0,1
O15393|P40337,1
O15431,1
O15432,1
O15492,1
O15503,1
O15553,1
O43315,1
O43790,1
O43921,1
O60333,1
O60341|Q9UK73,1
O60755|O43603|P47211,1
O60885|Q9Y508,1
O60939,1
O75015,1
O75116|P61586,1
O75153,1
O75376|Q9UK73,1
O75530|Q9GZQ8,1
O75578,1
O75626,1
O75807,1
O76027,1
O76036,1
O95147,1
O95153,1
O95631,1
O95718|P40337,1
O95907,1
P00519|P98170|P11274|Q13490,1
P00533|P62136,1
P00742|P12259,1
P01034|Q96SW2,1
P01100,1
P01111|Q96SW2,1
P01112|Q96SW2,1
P01137|P61812|P10600,1
P01213,1
P01833,1
P01861,1
P02689,1
P04004,1
P04049|Q04917,1
P04626|P40337,1
P04637|P27694,1
P04798|P40337,1
P05019,1
P05106,1
P05108,1
P05111,1
P05556|O75578,1
P05556|P23229,1
P06239|P40337,1
P06396,1
P06400|Q96SW2,1
P06401|P40337,1
P06493|P20248|P78396,1
P06493|P24864|O96020,1
P06850,1
P07900|Q16543,1
P07942|Q96SW2,1
P07947|P40337,1
P07949|P33176|Q96SW2,1
P08069|P40337,1
P08134,1
P08575|Q96SW2,1
P08603,1
P08887,1
P08922|P40337,1
P08922|Q9HD26,1
P09619|Q96SW2,1
P09972,1
P0C0P6,1
P0CG47,1
P0CG48,1
P0DP24,1
P0DPA2,1
P10275|Q8IZL8,1
P10415|Q07812,1
P10636|Q13501,1
P10636|Q14145,1
P10721|Q96SW2,1
P10747,1
P11049,1
P11215,1
P11474|Q96SW2,1
P11802|P24385|Q9GZQ8,1
P11802|P24864|Q96SW2,1
P11831,1
P12318,1
P12872,1
P12931|P06239,1
P12931|P40337,1
P14416|P30989,1
P14784,1
P14867|P18507,1
P15121|Q13490,1
P15144|P55786|Q9H4A4|P53582|Q9UIQ6|Q9ULA0|Q07075|Q9NQW7|P28838|P50579|O43895|Q6P179|Q9NZ08|Q6Q4G3|Q8N6M6|Q6UB28|Q8NDH3|Q9HAU8|Q9NQH7,1
P15153|P60763|P63000,1
P15498,1
P15848,1
P16234|Q96SW2,1
P16410,1
P16455|Q96SW2,1
P17081,1
P18084,1
P18405|P31213|Q9H8P0,1
P18754,1
P19013,1
P19484,1
P19652,1
P20248|Q00537,1
P20823,1
P21283,1
P21291,1
P21580,1
P21583,1
P21802|P40337,1
P21854,1
P21953,1
P22674,1
P23416|P48167,1
P23458|P42224,1
P23769,1
P24385|P30281|Q00534|P30279,1
P24385|Q00534|Q9GZQ8,1
P24385|Q96SW2,1
P24386,1
P24864|P24941|Q9GZQ8,1
P24941|P20248|Q9GZQ8,1
P24941|P24863,1
P24941|Q8ND76,1
P25440|Q16186,1
P25791,1
P26842,1
P27144,1
P27361|Q13164,1
P28328,1
P28472|P31644,1
P28472|P47869,1
P28472|Q99928|P31644,1
P28472|Q9UN88|P34903,1
P28702|P13631|P48443|P10826|P10276|P19793,1
P29034,1
P29350|Q96SW2,1
P29373|Q13490,1
P29375|Q96SW2,1
P29375|Q96SW2|Q9UGL1,1
P29965,1
P30038,1
P30281,1
P30281|Q00534|Q96SW2,1
P30542|P08913,1
P30939|P28222|P08908|P28221|P28566,1
P31513|Q99518|P31512|P49326|Q01740,1
P31629,1
P31751|P31749,1
P33032|P41968,1
P33763,1
P34931,1
P35222|O15169,1
P35222|Q86UU0,1
P35222|Q9Y2T1,1
P36021,1
P36404,1
P36941,1
P36955,1
P37235,1
P40259,1
P40337|O00468,1
P40337|O15178,1
P40337|Q13422,1
P40337|Q1L5Z9,1
P40818|Q96SW2,1
P41182|Q9BZK7,1
P41226,1
P41229|Q96SW2,1
P41587|P32241|P41586,1
P42684|P40337,1
P46094,1
P46098|A5X5Y0,1
P46098|Q8WXA8,1
P46439,1
P46736,1
P47870|P48169|O14764,1
P48029,1
P48736|P40337,1
P48736|Q96SW2,1
P48775|Q96SW2,1
P49336|P40337,1
P49674|O15169,1
P49675,1
P49753,1
P49795,1
P49815,1
P49841|O15169,1
P49841|Q16186,1
P49848,1
P49917,1
P49917|Q13426,1
P50549,1
P50583,1
P50750|Q14145,1
P50750|Q9GZQ8,1
P51617|Q96SW2,1
P51668,1
P51812|Q15418,1
P51946|P50750,1
P51955|Q9HC98|Q8TDX7|Q6P3R8|Q8TD19|Q8NG66|P51956|P51957|Q96PY6|Q86SG6|Q6ZWH5,1
P52292|P40337,1
P52292|Q96SW2,1
P52732|Q9BXW4|Q9GZQ8|Q9H492,1
P52757,1
P52790,1
P53779|P45984,1
P54760|P40337,1
P55017,1
P55064,1
P57075,1
P57721,1
P58397,1
P60510,1
P60953|Q15811,1
P61586|O15085,1
P61586|O60610,1
P61586|P10911,1
P61586|Q12802,1
P61586|Q9NRY4,1
P62256,1
P62508|P40337,1
P62714,1
P62987,1
P63241,1
P78381,1
P78385,1
P78386,1
P78504,1
P83859,1
P98077,1
P98170|Q06187|Q13489|Q13490,1
P98174,1
Q00535|P30281,1
Q00765,1
Q00987|P15170,1
Q02952,1
Q02962,1
Q03013,1
Q03112,1
Q04721,1
Q05923,1
Q06643,1
Q07157,1
Q07812|Q16548,1
Q07889|P01116|P40337,1
Q08289,1
Q08345|Q96SW2,1
Q08397,1
Q0VDF9,1
Q0VDG4,1
Q0WX57,1
Q0Z7S8,1
Q10472,1
Q10567,1
Q10713,1
Q13029,1
Q13206,1
Q13303,1
Q13309|P46527,1
Q13309|P63208,1
Q13490|O14684,1
Q13490|O60760,1
Q13490|Q9Y6A5,1
Q13546|Q96SW2,1
Q13547|O60341|P40337|Q9UKL0,1
Q13616|P63208,1
Q13702,1
Q13797,1
Q13835,1
Q14116,1
Q14164|P40337,1
Q14185,1
Q14186,1
Q14249,1
Q14435,1
Q14439,1
Q14498|Q66K64,1
Q14500,1
Q14520,1
Q14533,1
Q14562,1
Q14916,1
Q15007,1
Q15022|Q9GZQ8,1
Q15049,1
Q15058,1
Q15059|Q16186,1
Q15125|Q15392,1
Q15326,1
Q15389,1
Q15392|Q96SW2,1
Q15544,1
Q15582,1
Q15596|Q96SW2,1
Q15773,1
Q15788|Q96SW2,1
Q15878,1
Q15910|Q9GZQ8,1
Q15950,1
Q16186|Q96SW2,1
Q16198,1
Q16322,1
Q16512|P61586,1
Q16558,1
Q16611,1
Q16635,1
Q16763,1
Q16832|Q9BXW4|Q9GZQ8|Q9H492,1
Q16854,1
Q3MJ16,1
Q4G176,1
Q4J6C6,1
Q4VC05,1
Q5BJH7,1
Q5DX21,1
Q5JUR7,1
Q5MIZ7,1
Q5QJU3,1
Q5QNW6,1
Q5SWA1,1
Q5T124,1
Q5VU57,1
Q5VW38,1
Q5VWG9,1
Q658Y4,1
Q68CZ2,1
Q693B1,1
Q6B0I6|P40337,1
Q6NXG1,1
Q6P587,1
Q6UWF3,1
Q6XZF7,1
Q6ZNB5,1
Q6ZPD8,1
Q6ZXV5,1
Q71DI3,1
Q7L9L4,1
Q7Z2E3,1
Q7Z2K8,1
Q86SR1,1
Q86TX2,1
Q86UD5,1
Q86V24,1
Q86VF5,1
Q86VQ6,1
Q86WV7,1
Q86XP0,1
Q86YV9,1
Q8IUC8,1
Q8IUR0,1
Q8IUR6,1
Q8IVP5,1
Q8IVT2,1
Q8IWW8,1
Q8IX18,1
Q8IXN7,1
Q8IY17,1
Q8IYS0,1
Q8IZD2,1
Q8N118,1
Q8N2F6,1
Q8N5B7,1
Q8N5C8,1
Q8NCL4,1
Q8NFF2,1
Q8NFR3,1
Q8NHY2,1
Q8TAV3,1
Q8TDB8,1
Q8TF40,1
Q8TF66,1
Q8WUH6,1
Q8WUW1,1
Q8WVB6,1
Q8WWN8,1
Q8WYN0,1
Q92540,1
Q92769|O60341|P40337|Q9UKL0,1
Q92793|P35222,1
Q92800|Q9GZQ8,1
Q92994,1
Q96A54,1
Q96DB2|Q96SW2,1
Q96EP0,1
Q96ES7,1
Q96F24,1
Q96FL9,1
Q96JH7,1
Q96L73|Q96SW2,1
Q96MN2,1
Q96RU8,1
Q96SN7|Q13586,1
Q96SW2|O00468,1
Q96SW2|O00469,1
Q96SW2|O43278,1
Q96SW2|O60869,1
Q96SW2|O75534,1
Q96SW2|O95273,1
Q96SW2|P15924,1
Q96SW2|P30046,1
Q96SW2|P63172,1
Q96SW2|P84101,1
Q96SW2|Q06587,1
Q96SW2|Q13625,1
Q96SW2|Q149N8,1
Q96SW2|Q15223,1
Q96SW2|Q15561,1
Q96SW2|Q15562,1
Q96SW2|Q16342,1
Q96SW2|Q17R98,1
Q96SW2|Q5JSZ5,1
Q96SW2|Q6FI81,1
Q96SW2|Q6ZS81,1
Q96SW2|Q86UU1,1
Q96SW2|Q8IY57,1
Q96SW2|Q8N108,1
Q96SW2|Q8N488,1
Q96SW2|Q8NCH0,1
Q96SW2|Q8TDB6,1
Q96SW2|Q92520,1
Q96SW2|Q96GA3,1
Q96SW2|Q96MF7,1
Q96SW2|Q99594,1
Q96SW2|Q9BQ15,1
Q96SW2|Q9BRK5,1
Q96SW2|Q9BU19,1
Q96SW2|Q9C0A0,1
Q96SW2|Q9HAZ2,1
Q96SW2|Q9NPD8,1
Q96SW2|Q9NVD3,1
Q96SW2|Q9Y5V3,1
Q96SW2|Q9Y653,1
Q99466,1
Q99719,1
Q99741,1
Q9BQE9,1
Q9BRQ5|Q13586,1
Q9BUT1,1
Q9BVI0,1
Q9BVQ7,1
Q9BW91,1
Q9BWU1|Q96SW2,1
Q9BXU1,1
Q9BYG3,1
Q9BYX4,1
Q9BZ23,1
Q9BZ95|Q96SW2,1
Q9BZX2|P40337,1
Q9C0C9,1
Q9GZR5,1
Q9GZV8,1
Q9H0E3,1
Q9H0F6|Q9BYM8|Q96EP0,1
Q9H4Q3,1
Q9H4Q4,1
Q9H5X1,1
Q9H6I2,1
Q9H853,1
Q9H8M2|Q9Y4B6,1
Q9H903,1
Q9H910,1
Q9H9Q2,1
Q9HA82,1
Q9HAT2,1
Q9HAZ1|P49759|P49760,1
Q9HAZ2,1
Q9HB40,1
Q9HBH9|Q96SW2,1
Q9HBI0,1
Q9HC52|Q96SW2,1
Q9HCU8|Q96SW2,1
Q9HD64,1
Q9NP80,1
Q9NPJ3,1
Q9NQ88,1
Q9NQV5,1
Q9NQV6,1
Q9NQV8,1
Q9NQX0,1
Q9NQY0,1
Q9NRC8|Q96SW2,1
Q9NRD8,1
Q9NRD9,1
Q9NRS4|Q96SW2,1
Q9NWM8,1
Q9NX74,1
Q9NXA8|Q96SW2,1
Q9NYG2,1
Q9NYJ8,1
Q9NZH8,1
Q9P2K3|Q9UK73,1
Q9UBC9,1
Q9UBU7,1
Q9UBY5|Q92633,1
Q9UDW1,1
Q9UEF7,1
Q9UI30,1
Q9UI40,1
Q9UI95,1
Q9UJ14,1
Q9UK73,1
Q9UK73|Q8N108,1
Q9UK73|Q96ST3,1
Q9UKL0|Q9UK73,1
Q9UKN7,1
Q9UKU6,1
Q9UKX5,1
Q9UL26,1
Q9UM73|P06753,1
Q9UM73|P09493,1
Q9UM73|P33176,1
Q9UM73|Q07866,1
Q9UM73|Q8IVV7,1
Q9UMR5,1
Q9UNE0,1
Q9UPW5,1
Q9Y210|Q13507,1
Q9Y243|Q96SW2,1
Q9Y2R2|Q96SW2,1
Q9Y2U9,1
Q9Y303,1
Q9Y305,1
Q9Y3A2,1
Q9Y3D0,1
Q9Y3D2,1
Q9Y496,1
Q9Y5K6,1
A1L0T0,1
A1L390,1
A4D1E9,1
A8MW92,1
B1AH88,1
O00154,1
O00155,2
O00233,1
O00270,2
O00330,1
O00338,2
O00425,1
O00461,1
O00562,2
O00629,1
O14545,1
O14561,1
O14617,1
O14626,2
O14681,1
O14733|Q96SW2,1
O14737,1
O14920|O15111,2
O14979,1
O15084,2
O15127,1
O15173,1
O15212,1
O15347,1
O15446,1
O43187,2
O43237,1
O43252,1
O43291,1
O43399,1
O43488,1
O43493,1
O43561,1
O43674,1
O43681,1
O43795,1
O43808,1
O43813,1
O43819,1
O43837,1
O60232,2
O60264,1
O60462,2
O60645,1
O60669|O95907,2
O60675|O14867,2
O60701,1
O60711,1
O60716,1
O60749,1
O60779,1
O60885|Q14145,1
O60888,1
O60925,1
O60931,2
O60934,1
O75143,1
O75165,1
O75170,2
O75190,1
O75223,1
O75317,2
O75347,1
O75352,1
O75380,1
O75388,2
O75436,1
O75473,2
O75592,1
O75608|O95372,2
O75616,1
O75663,1
O75845,2
O75909|Q96SW2,2
O75935,1
O75956,2
O76003,1
O76031,2
O76062,2
O76074|P51160,2
O94804|Q9H2G2,1
O94830,1
O94874,1
O94886,1
O94919,1
O94973,1
O95136|Q99500,2
O95139,1
O95163,1
O95169,1
O95180|O43497|Q9P0X4,2
O95202,1
O95292,1
O95299,1
O95319,1
O95396,1
O95400,1
O95563,2
O95628,2
O95674,1
O95721,1
O95758,1
O95760,2
O95800,2
O95861,1
O96005,1
O96020|Q00526,2
P00414,1
P00533|Q12866,2
P00533|Q13490,1
P01011,2
P01023,2
P01106|P40337,1
P01106|Q96SW2,1
P01589,1
P01889,1
P02008,1
P02647,2
P02708|P07510|P11230|P17787|P30926|P32297|P43681|Q07001|Q15822|Q9UGM1|Q15825|P30532|Q04844|P36544|Q9GZZ6|Q05901,2
P02765,1
P03886,1
P03928,1
P03950,2
P04049|P15056,2
P04049|P15056|P10398,2
P04085,2
P04626|P49327,1
P04632,1
P05107,1
P05112,1
P06493|P40337,2
P07108,1
P07197,1
P07949|O95684,1
P07954,1
P08100,2
P08174,2
P08237,2
P08253|P14780,2
P08833,2
P09327,1
P09493,2
P09497,1
P09543,1
P0CG29,2
P10153,2
P10588,2
P10636|Q13618,2
P11171,1
P11234,2
P11279,1
P12074,1
P12277,2
P12532,1
P12814,1
P12829,1
P12931|P0DP23,2
P12931|Q96SW2,2
P13073,1
P13498,1
P13591,1
P13693,1
P13804,1
P14314,1
P14635|Q96SW2,2
P14854,1
P15692|P35968,2
P16402,1
P16422,1
P16930,1
P17535,1
P17568,1
P17677,1
P17787,2
P17787|P32297|P30532,2
P18065,2
P18085,1
P18507|P18505|P47869,2
P18564,1
P19388,1
P19404,1
P19447,2
P19823,1
P20290,1
P20618|P28074,1
P20962,1
P21266,2
P21730|Q9P296,2
P21757,2
P22692,2
P23193,1
P23443|P31749,1
P23468,2
P24592,2
P24863,1
P25054|Q9NR80,2
P25325,1
P25440|Q15059,2
P25787,1
P25815,1
P26885,2
P27105,1
P27361|P28482|Q96SW2,1
P27449,1
P27986|P48736,2
P28370,1
P28472|P34903,2
P28472|Q99928|P34903,1
P28482|P04049|Q02750,2
P29084,1
P29218,1
P29317|P20827,2
P29803,1
P29966,1
P30040,1
P30542|Q96SW2,1
P30566,1
P30626,1
P30740,1
P31150,1
P31483,1
P31751|Q96SW2,2
P31937,1
P33552,1
P33908,2
P34741,1
P34810,1
P34913|P40337,2
P35237,1
P35241,1
P35244,1
P35410,2
P35499|O60939|Q07699,1
P35613,1
P36543,1
P36888|Q96GD4,2
P36957,1
P38936|P31749,1
P40121,1
P40189|P42702,2
P40222,1
P40337|O75531,1
P40337|P41182,1
P40337|Q5VVY1,1
P40337|Q8IWT3,1
P40337|Q96PV6,1
P40337|Q9GZV5,1
P40337|Q9NZQ7,2
P40337|Q9UKT9,2
P40429,1
P41743|Q05513,2
P42167,1
P42566,2
P42694,1
P42701,1
P42765,1
P42771,2
P46379,1
P46531|Q9UM47|Q04721|Q99466,2
P46926,1
P46934,2
P48023,2
P48059,1
P48146,2
P48634,1
P48637,1
P49207,1
P49257,1
P49419,1
P49593,1
P49662|P55211|P42574|P51878|P55212|P55210|Q14790|P29466|P42575|Q92851|P31944|Q6UXS9,2
P49770,1
P49792,1
P49821,1
P50750|P40337,2
P51124,2
P51575|Q99571|Q9UBL9|O15547|P56373|Q99572|Q93086,2
P51809,1
P51857,1
P51955|O14777,1
P52298,1
P52429,2
P52434,1
P52788,2
P53365,1
P53985|O15427,2
P54105,1
P54278,1
P54289|Q00975|P54284,1
P54709,1
P54920,1
P55081,1
P55735,1
P55795,1
P56589,1
P58546,1
P60059,1
P60520,2
P60893,2
P60903,1
P60953|P63000,2
P61009,1
P61019,1
P61024,1
P61513,1
P61764,1
P61769,1
P61960,1
P61966,1
P62068,2
P62072,1
P62263,1
P62306,1
P62314,1
P62328,1
P62495,1
P62633,1
P62873,1
P62875,1
P63313,1
P69891,1
P69892,1
P78330,1
P78344,1
P78380,1
P78382,1
P78406,1
P80303,1
P82650,1
P82673,1
P82930,1
P82933,1
P82979,1
P84098,1
P85037,1
P98160,1
P98170|Q06187,2
P98194,1
Q00535|P40337,2
Q01518,1
Q01543,1
Q01974|P40337,1
Q02878,1
Q03113,1
Q03701,1
Q04941,1
Q05086,1
Q05329,2
Q05586|Q12879|Q13224,2
Q05707,1
Q06187|Q13490,1
Q06203,1
Q07020,1
Q07021,1
Q07699,2
Q08378,1
Q08379,1
Q09328,1
Q10981,2
Q12767,1
Q12788,1
Q12860,1
Q12873,1
Q12907,1
Q13009,2
Q13042,1
Q13064,1
Q13098,1
Q13133|P40337,2
Q13137,1
Q13177|Q96SW2,1
Q13283,1
Q13404,1
Q13442,1
Q13444,2
Q13489|Q13490,2
Q13490|P37840,2
Q13490|P42858,2
Q13492,1
Q13501|Q9BXW4,2
Q13501|Q9GZQ8,2
Q13501|Q9H492,2
Q13505,1
Q13547|Q9BY41,2
Q13596,1
Q13617,1
Q13765,1
Q13885,2
Q13895,1
Q14094,1
Q14139,1
Q14141,1
Q14166,1
Q14188,1
Q14203,1
Q14232,1
Q14244,1
Q14353,1
Q14469,2
Q14554,1
Q14657,1
Q14671,1
Q14677,1
Q14684,1
Q14699,1
Q14722,1
Q14728,1
Q14738,1
Q14746,1
Q14914,2
Q14964,1
Q14994|P40337,2
Q14997,1
Q15003,1
Q15006,1
Q15008,1
Q15019,1
Q15020,1
Q15021,1
Q15050,1
Q15054,1
Q15070,1
Q15075,1
Q15116|Q9BQ51,1
Q15286,1
Q15293,1
Q15363,1
Q15370,1
Q15404,1
Q15435,1
Q15573,1
Q15629,1
Q15691,1
Q15759|Q16539,1
Q15760,2
Q15800,1
Q16206,1
Q16236|O15525,2
Q16401,1
Q16527,2
Q16538,2
Q16548|Q9BXH1,1
Q16621,2
Q16643,1
Q16836,1
Q16851,1
Q1MSJ5,1
Q27J81,1
Q2M389,1
Q3LXA3,1
Q3YEC7,1
Q3ZAQ7,1
Q3ZCM7,1
Q4G0F5,1
Q53R41,1
Q56VL3,1
Q5BJD5,1
Q5C9Z4,1
Q5JRS4,1
Q5JSL3,1
Q5JTH9,1
Q5JTV8,1
Q5SRE5,1
Q5SW79,1
Q5T160,1
Q5T1V6,2
Q5T280,1
Q5T6X5,2
Q5T7B8,1
Q5T848,2
Q5T8P6,1
Q5TGZ0,2
Q5TZA2,1
Q5U3C3,1
Q5UAW9,2
Q5VW32,1
Q5VWZ2,2
Q5XKP0,1
Q63HK3,1
Q68DL7,1
Q6AI08,1
Q6DD87,1
Q6IBS0,1
Q6IN84,1
Q6IN85,1
Q6JBY9,1
Q6NV75,2
Q6NXR4,1
Q6NXT1,1
Q6NXT4,1
Q6NZY4,1
Q6P1A2,1
Q6PGP7,1
Q6PJG2,1
Q6PKC3,2
Q6QNK2,2
Q6U736,2
Q6UW68,1
Q6Y1H2,1
Q6YN16,1
Q6ZMG9,2
Q6ZNB6,1
Q6ZNC8,1
Q6ZNE5,2
Q6ZR08,1
Q7KZN9,1
Q7L0J3,2
Q7L5N1,1
Q7L7V1,2
Q7L8L6,1
Q7Z2K6,1
Q7Z2T5,1
Q7Z2W9,1
Q7Z5L9,1
Q7Z602,2
Q7Z6K3,1
Q7Z7M1,2
Q86SM5,2
Q86SM8,2
Q86SP6,2
Q86SQ4,2
Q86SQ6,2
Q86UY5,1
Q86V85,1
Q86VH2,1
Q86VZ1,2
Q86X76,1
Q86Y34,2
Q86YI8,2
Q8IUZ5,1
Q8IWK6,2
Q8IWR1,1
Q8IWU2,1
Q8IWV7,2
Q8IWV8,2
Q8IXT5,2
Q8IY67,1
Q8IZF2,2
Q8IZF3,2
Q8IZF4,2
Q8IZF5,2
Q8IZF7,2
Q8IZL8,1
Q8IZP9,2
Q8IZW8,1
Q8N122,2
Q8N183,1
Q8N1S5,1
Q8N2G8,1
Q8N4V1,1
Q8N5G2,1
Q8N5U6,1
Q8N6U8,2
Q8N766,1
Q8N8A2,2
Q8NA31,1
Q8NBJ5,1
Q8NC38,1
Q8NCQ2,1
Q8NDV2,2
Q8NE86,1
Q8NEB9|Q99570,1
Q8NEH6,1
Q8NEW0,1
Q8NEY8,1
Q8NFA2,1
Q8NFJ5,2
Q8NFN8,2
Q8NGU9,2
Q8NI36,1
Q8TAD4,1
Q8TAF3|P62068|Q8TBZ3,2
Q8TAF3|Q8TBZ3|O75317,2
Q8TB72,1
Q8TCD5,2
Q8TCT7,2
Q8TDN6,1
Q8TDS7,2
Q8TDT2,2
Q8TDV2,2
Q8TEA8,1
Q8TEQ8,1
Q8TF40|Q9UK73,1
Q8TF72,1
Q8WU58,1
Q8WUA4,1
Q8WUK0,2
Q8WVM8,1
Q8WVV4,1
Q8WW12,1
Q8WWI5,1
Q8WY22,1
Q8WYA6,1
Q8WZ60,1
Q92575,1
Q92599,1
Q92685,1
Q92696,2
Q92729,2
Q92772|P40337,1
Q92786,1
Q92800|P40337,2
Q92804,1
Q92900,1
Q92917,1
Q92953,2
Q969M7,1
Q969N2,1
Q969N4,2
Q969V3,1
Q969V4,1
Q969X5,1
Q969Z0,1
Q96A23,1
Q96A26,1
Q96AA3,1
Q96AM1,2
Q96BI1,1
Q96BY9,1
Q96C36,1
Q96D31|Q13586|Q9P246,2
Q96D96,1
Q96DV4,1
Q96EG1,1
Q96EL2,1
Q96ER3,1
Q96EY7,1
Q96EY8,1
Q96F07,1
Q96G74,2
Q96H79,1
Q96HC4,1
Q96HY6,1
Q96I15,1
Q96I24,1
Q96I36,1
Q96I99,1
Q96IU4,1
Q96JI7,1
Q96JT2,2
Q96KA5,1
Q96KP4,1
Q96KR1,1
Q96LW7,1
Q96NJ6,1
Q96P66,2
Q96P67,2
Q96P69,2
Q96PE1,2
Q96PK6,1
Q96QU8,1
Q96R06,1
Q96RI1|P40337,2
Q96RI8,2
Q96RI9,2
Q96RP8,2
Q96RP9,1
Q96RQ3,1
Q96RT1|Q99569,2
Q96S97,1
Q96SW2|O15155,1
Q96SW2|Q13619|P15170,1
Q96SW2|Q16531|Q15561,1
Q96SW2|Q8NDF8,1
Q96T37,1
Q96T54,2
Q96TA1,1
Q99081,1
Q99259,2
Q99417,1
Q99426,1
Q99442,1
Q99527|P40337,2
Q99547,1
Q99575,1
Q99653,1
Q99678,2
Q99679,2
Q99680,2
Q99805,1
Q99814|Q96SW2,2
Q99958,1
Q9BPX5,1
Q9BQA1,2
Q9BQG0,1
Q9BRK5,1
Q9BRP8,1
Q9BRQ8,1
Q9BRY0,1
Q9BS26,1
Q9BT09,1
Q9BTX1,1
Q9BUB7,1
Q9BUL8,1
Q9BUV8,1
Q9BVC4,1
Q9BVG9,1
Q9BWH6,1
Q9BWJ5,1
Q9BWM7,1
Q9BX66,1
Q9BX79,1
Q9BXJ8,1
Q9BXK5,1
Q9BXR0,2
Q9BXU3,1
Q9BXW4,2
Q9BXW7,1
Q9BY21,2
Q9BYD2,1
Q9BZE1,1
Q9BZF9,1
Q9BZJ6,2
Q9BZJ7,2
Q9BZJ8,2
Q9BZK7,1
Q9BZZ5,1
Q9C037,1
Q9C0E2,1
Q9GZT3,1
Q9GZX7,2
Q9GZZ6,1
Q9H061,1
Q9H089,1
Q9H0M4,2
Q9H0R8,2
Q9H1C4,1
Q9H1R2,2
Q9H1Y3,2
Q9H3P7,1
Q9H3Z4,1
Q9H444,1
Q9H4L5,1
Q9H4Y5,2
Q9H5Q4,1
Q9H7X0,2
Q9H814,1
Q9H840,2
Q9H845,1
Q9H8Y8|P57087,2
Q9H939,1
Q9H974,1
Q9H9A5,2
Q9HAW4,1
Q9HB21,2
Q9HBW9,2
Q9HBX8,2
Q9HC35,1
Q9HC38,1
Q9HCF6,2
Q9HDC9,1
Q9NP31,2
Q9NP78,1
Q9NPB1,2
Q9NPE3,1
Q9NQ84,2
Q9NQR4,1
Q9NQT4,1
Q9NR31,2
Q9NRM2,1
Q9NS66,2
Q9NS69,1
Q9NSD7|Q8TDU9,1
Q9NSI8,1
Q9NTI5,1
Q9NTJ5,1
Q9NTZ6,1
Q9NUI1,1
Q9NUQ2,1
Q9NUQ6,1
Q9NVC3,1
Q9NVJ2,1
Q9NVS2,1
Q9NVS9,2
Q9NWZ3|P98170,2
Q9NX40,1
Q9NX55,1
Q9NX58,1
Q9NXE4,1
Q9NXF1,1
Q9NXF8,2
Q9NXH9,1
Q9NXW2,1
Q9NY12,1
Q9NYM4,2
Q9NZ43,1
Q9NZD1,2
Q9NZH0,2
Q9NZL9,1
Q9P013,1
Q9P0I2,1
Q9P0L0,1
Q9P0S9,1
Q9P1P5,2
Q9P287,1
Q9P2W9,1
Q9P2Y5,1
Q9UBD5,1
Q9UBN7|P05161,2
Q9UBP0,2
Q9UBQ5,1
Q9UBS4,1
Q9UBT2,1
Q9UBU8,2
Q9UBU9,1
Q9UD71,1
Q9UG63,1
Q9UGJ1,1
Q9UHA2,1
Q9UHD9,1
Q9UHI7,2
Q9UI26,1
Q9UID3,1
Q9UJ70,1
Q9UJS0,1
Q9UJX3,1
Q9UK41,1
Q9UKR5,1
Q9UKV0|P40337,2
Q9UKV0|Q96SW2,1
Q9UKX7,1
Q9UKY7,1
Q9UKZ1,2
Q9UL62|P48995,2
Q9ULV4,1
Q9ULX6,1
Q9UM11,1
Q9UM73|Q92734,1
Q9UMX0,1
Q9UN86,1
Q9UNF0,1
Q9UNM6,1
Q9UNN5,2
Q9UNP9,1
Q9UNQ2,1
Q9UNS2,1
Q9UNZ2,1
Q9UP83,1
Q9UPP1|Q6ZMT4,1
Q9UQ88|P21127,1
Q9UQL6|Q96SW2,2
Q9Y223,2
Q9Y224,1
Q9Y241,1
Q9Y289,1
Q9Y2A7,1
Q9Y2B0,1
Q9Y2L1,1
Q9Y2Q9,1
Q9Y2T2,1
Q9Y2V2,1
Q9Y2X3,1
Q9Y397,2
Q9Y399,1
Q9Y3A5,1
Q9Y3B3,1
Q9Y3B7,1
Q9Y3B9,1
Q9Y3D6,1
Q9Y3E0,1
Q9Y3L5,1
Q9Y450,1
Q9Y490,1
Q9Y4A5,1
Q9Y4P3,1
Q9Y530,1
Q9Y5J1,1
Q9Y5J7,1
Q9Y5L4,1
Q9Y5Q8,1
Q9Y5Q9,1
Q9Y5X1,1
Q9Y5Y3,2
Q9Y653,2
Q9Y676,1
Q9Y679,1
Q9Y6A5,1
Q9Y6D5,2
Q9Y6E2,1
Q9Y6I8,1
Q9Y6M9,1
Q9Y6W5,1
Q9Y6W8,2
Q9Y6Y8,1
A1A4Y4,1
A4D1B5,3
O00144,3
O00762,3
O14804,3
O14967,3
O15067,2
O15226,3
O15264|Q96SW2,2
O15379|Q9UK73,3
O15547,3
O43189,3
O43396,2
O43741|Q9UGJ0|Q13131,2
O43772,3
O60493,2
O60503,3
O60675,2
O60763,2
O60869,2
O60883,3
O60884,2
O60885|Q03111,1
O75175,3
O75369,2
O75376,3
O75717,2
O75881,3
O75962,3
O95070,2
O95166,2
O95757,2
O95777,2
P00519|P40337,2
P01127,3
P01135,2
P01579,3
P01588,3
P02708|P07510|P11230|Q07001|Q04844,3
P02748,3
P02794,2
P04062|Q9HCG7,2
P04350,2
P04637|Q92793,2
P05230|P21802,2
P05387,2
P06132,2
P06239|Q96SW2|Q16531,3
P06307,2
P07098,2
P07900|O60885,3
P08476,1
P08620,3
P08648|P18564|P26012,1
P08922|P31431,2
P09132,2
P11245,3
P11473|P40337,3
P11801,3
P11802|P24941|Q00534,2
P11802|P30279,3
P14867|P18507|P48169|Q99928|P34903|Q8N1C3|P47869|P31644|Q16445,1
P16471,3
P16989,2
P19113,1
P19875,3
P21781,3
P22004,3
P23677,1
P24534,2
P26010,3
P28472|Q16445,3
P30084,2
P30926|P32297|P30532,3
P32004,2
P32239|P32238,3
P32297|Q15825,3
P35221,2
P35613|Q96SW2,3
P38606,2
P41970,3
P45877,3
P46779,2
P47870,3
P48058|P42263,3
P48436,1
P48507,2
P48549,3
P49406,2
P49711,2
P49759|P49760,1
P50226,3
P50552,2
P51398,2
P51571,2
P51648,2
P51671,3
P51681|P35372,2
P51810,3
P52961,1
P56524|Q9UK73,3
P57678,2
P60763,3
P61011,2
P61956|P55854,3
P62070,2
P62166,3
P62166|Q9NPQ8,3
P62820,2
P62877,2
P63098,3
P78310,3
Q00341,2
Q00534|Q13490,3
Q01740,2
Q02643,3
Q02742,3
Q03393,3
Q03518,2
Q09472|P40337,3
Q10588,2
Q13018,3
Q13087,3
Q13153|P60953,3
Q13242,2
Q13315|Q13535,1
Q13336,3
Q13409,2
Q13585,3
Q14242|P16109,3
Q14296,3
Q14444,2
Q15040,3
Q15165,3
Q15166,3
Q15406,3
Q15843,2
Q15942,2
Q16570,1
Q16772,3
Q16825,1
Q30155,3
Q4G0J3,2
Q53H47,3
Q53HC5,3
Q5KSL6,3
Q5VST6,3
Q6N043,3
Q6UXV0,3
Q6ZMB0,3
Q6ZMC9,3
Q6ZMV9,3
Q6ZN17,3
Q70CQ1,3
Q70EK9,3
Q71SY5,2
Q7L8S5,3
Q7Z569,3
Q7Z739,3
Q86XK2,3
Q8IYB7,1
Q8IZ08,3
Q8N143,3
Q8N6M0,3
Q8N6T3,2
Q8NB90,3
Q8NCC3,3
Q8NF37,2
Q8TAC2,3
Q8TCJ2,2
Q8TDV0,3
Q8WUI4|P40337,3
Q8WUI4|Q96SW2,3
Q8WXI2,3
Q8WY07,3
Q8WZA1,3
Q92504,2
Q92731|P40337,3
Q92731|Q13501,1
Q92769|Q9UK73,3
Q92793|P40337,3
Q93009|Q96SW2,3
Q96BR1|P40337,2
Q96J02,2
Q96JP5,3
Q96LB0,3
Q96LI5,3
Q99075,3
Q99735,3
Q9BQ51,3
Q9BQR3,3
Q9BRX8,2
Q9BTY2,3
Q9BXB1,3
Q9BY41|Q9UK73,3
Q9BY66,2
Q9H008,3
Q9H252,3
Q9H3M9,3
Q9H461,3
Q9H665,3
Q9H816,3
Q9H857,2
Q9HAQ2,2
Q9HBL8,3
Q9HD36|P55957,3
Q9NRR8,3
Q9NS00,3
Q9NUJ1,3
Q9NUV7,3
Q9NWT8,3
Q9NY65,2
Q9NZN8,3
Q9NZN9,3
Q9UBN7|Q9UK73,3
Q9UBQ7,2
Q9UGI8,2
Q9UHA4,2
Q9UHI5,1
Q9UI30|Q9NRN9,3
Q9UJ42,3
Q9ULW2,3
Q9UPT9,3
Q9UQL6|P40337,3
Q9Y295,2
Q9Y2Y4,3
Q9Y5M8,2
Q9Y617,2
Q9Y618,3
Q9Y6M7,3
A0FGR8,2
A2RRP1,2
A8K2H7,4
O00160,2
O00161,2
O00165,2
O00204,3
O00220,4
O00232,2
O00567,2
O14579,2
O14735,2
O14773,2
O14818,2
O14828,2
O15144,2
O15145,2
O15240,2
O15258,2
O15354,4
O15372,2
O15397,2
O15455|Q9NR96|Q9NR97,1
O15519,1
O43156,2
O43242,2
O43264,2
O43292,2
O43314,2
O43390,2
O43427,2
O43447,2
O43491,2
O43602,2
O43615,2
O43747,2
O43760,2
O43776,2
O43822,2
O43852,2
O60234,2
O60762,2
O60826,2
O75027,2
O75083,2
O75152,2
O75251,2
O75348,2
O75431,2
O75439,2
O75477,2
O75489,2
O75534,2
O75821,2
O75822,2
O75934,2
O75947,2
O75964,2
O76021,4
O76024,2
O94822,2
O95067,2
O95197,2
O95279,2
O95340,4
O95373,2
O95433,3
O95793,2
O96000,2
P00519|P98170|P11274,2
P00533|Q5T4S7|Q8IWV7|Q8IWV8,1
P00540,4
P00846,2
P00966,2
P01112|P01111|P01116,2
P01909,3
P02144,4
P02751,4
P02786,2
P04080,2
P04201,4
P04629|Q96SW2,4
P05026,2
P05113,3
P05165,2
P05386,2
P05783,2
P06454,2
P06493|P24385,4
P06681,1
P06703,2
P07195|P40337,1
P07305,2
P07737,2
P07900|P08238|P40337,3
P08123,1
P08195,2
P08559,2
P08708,2
P08887|P40189,2
P09622,2
P09669,2
P10155,2
P10275|Q96SW2|Q13619,2
P10321,2
P10412,2
P10606,2
P10721|P40337,2
P10912,2
P11233,3
P11310,2
P11802|P78396,4
P12235,2
P14317,2
P14868,2
P14923,2
P15153,3
P15336,1
P15692|O60462,2
P15880,2
P15924,2
P15927,3
P16070|P26038,3
P16333,4
P16401,2
P17980,2
P18031|P40337,4
P18077,2
P18124,2
P18621,2
P18827,2
P20264,4
P20265,4
P20674,2
P21127|Q96S94,4
P22087,2
P22455|Q96SW2,4
P22607|Q96SW2,4
P22695,2
P23381,2
P23497,2
P24390,2
P24539,2
P25398,2
P25440|O60885|Q15059|Q96SW2,3
P25788,2
P26373,2
P26439,4
P27544,4
P27635,2
P27797,2
P28066,2
P28288,2
P28331,2
P28336|P32247|P30550,4
P30049,2
P30050,2
P30825,2
P31930,2
P31942,2
P31949,2
P32969,2
P33947,2
P33981|P40337,4
P35346|P30874,2
P35606,2
P35998,2
P36578,2
P37802,2
P37837,2
P39023,2
P40227,2
P40337|O94953,1
P40337|Q07890,1
P40337|Q86WV6,3
P41219,2
P41222,4
P41227,3
P42126,2
P42345|Q8TB45,4
P42766,2
P46087,2
P46776,2
P46777,2
P46778,2
P46781,2
P47755,2
P48047,2
P48444,2
P48556,2
P48681,2
P48739,2
P48960,3
P49189,2
P49190,3
P49755,2
P50395,2
P50402,2
P50454,4
P50748,2
P50749,2
P50851,2
P50914,2
P51148,2
P51665,2
P51946|Q8IZL9,4
P51948,2
P51991,2
P52333|O60674,1
P52566,2
P53350|P40337,4
P53597,2
P53621,2
P53680,2
P53701,2
P53992,2
P54219,4
P54727,2
P54840,3
P55055|P40337,4
P55209,2
P55884,2
P56134,2
P56385,2
P60468,2
P60484|O43791,1
P60660,2
P60852,2
P60866,2
P61006,2
P61020,2
P61106,2
P61201,2
P61221,2
P61254,2
P61313,2
P61353,2
P61803,2
P61962,2
P61970,2
P62191,2
P62195,2
P62241,2
P62266,2
P62269,2
P62280,2
P62333,2
P62424,2
P62491,4
P62750,2
P62829,2
P62841,2
P62847,2
P62851,2
P62857,2
P62861,2
P62888,2
P62899,2
P62906,2
P62913,2
P62917,2
P63010,2
P63173,2
P63220,2
P67809,2
P83731,2
P84077,3
P84085,3
P98170|O60885,3
Q00059,2
Q00987|Q96SW2|Q16531,3
Q01085,2
Q01780,2
Q01850,2
Q02543,2
Q02978,2
Q03519,2
Q04323,2
Q04637,2
Q04837,2
Q04864,2
Q07817|Q07812,4
Q08380,2
Q08AM6,2
Q10589,2
Q12756,4
Q12768,2
Q12769,2
Q12770,2
Q12933,2
Q13151,2
Q13183,3
Q13200,2
Q13423,2
Q13432,2
Q13435|Q9H0E3|O75533,3
Q13490|P54252,2
Q13618,2
Q13838,2
Q14118,1
Q14146,2
Q14165,2
Q14195,2
Q14541,3
Q14690,2
Q14739,2
Q14847,2
Q14C86,2
Q15004,3
Q15005,2
Q15043,2
Q15131|Q96S94,4
Q15181,2
Q15369,2
Q15386,2
Q15437,2
Q15555,2
Q15652,4
Q15811,3
Q16181,2
Q16352,2
Q16478|Q13002,3
Q16555,3
Q16563,2
Q16611|Q16548,4
Q16630,2
Q16698,2
Q16718,2
Q1KMD3,2
Q2M2I3,2
Q2M3G0,4
Q5H943,1
Q5JRA6,2
Q5T0W9,2
Q5T6F2,2
Q5T9A4,2
Q5TF21,2
Q5VVQ6,4
Q63HN8,2
Q6DD88,2
Q6PKG0,2
Q6S8J3,2
Q71U36|P07437,2
Q71UM5,2
Q76LX8,4
Q7Z5Q5,4
Q86TM6,2
Q86U86|P40337,2
Q86UP2,2
Q86VP6,2
Q86VW1,4
Q86YS7,2
Q86YW0,2
Q8IXI1,2
Q8IYM2,3
Q8IYT4,2
Q8IYW5,3
Q8IZ83,2
Q8N0U8,2
Q8N138,2
Q8N1G4,2
Q8N6L1,2
Q8NBI5,2
Q8NC51,2
Q8NCG5,2
Q8NHU6,2
Q8NI27,2
Q8TB61,2
Q8TBE9,4
Q8TDN4,2
Q8TET4,4
Q8TEY7,3
Q8WU20,2
Q8WUY1,2
Q8WVX9,2
Q8WWM7,2
Q8WWW0,2
Q8WWX8,4
Q8WZ42,2
Q92522,2
Q92542,3
Q92544,2
Q92552,2
Q92572,2
Q92609,2
Q92643,2
Q92820,4
Q92831|Q92830,4
Q92896,2
Q93045,2
Q93100,2
Q969L2,2
Q969M3,2
Q96A33,2
Q96A65,2
Q96C01,2
Q96CW1,2
Q96DC9,4
Q96DG6,2
Q96DH6,2
Q96EP5,2
Q96EY1,2
Q96FJ2,2
Q96G03,2
Q96GC9,2
Q96IX5,2
Q96JB2,3
Q96K37,2
Q96N46,2
Q96N66,2
Q96P70,2
Q96QD8,4
Q96QR8,2
Q96QZ7,2
Q96S52,2
Q96SW2|Q9UGP4,2
Q96T76,2
Q99459,2
Q99460,2
Q99570,3
Q99593,4
Q99627,2
Q99729,2
Q99848,2
Q9BPW8,2
Q9BQT8,3
Q9BRA2,2
Q9BRJ6,2
Q9BRQ6,3
Q9BRS2|O14744,2
Q9BT22,2
Q9BTV4,2
Q9BTW9,2
Q9BUF5,2
Q9BUN8,2
Q9BV40,2
Q9BV57,4
Q9BVA0,4
Q9BVA1,2
Q9BVK2,2
Q9BVK6,2
Q9BW92,3
Q9BXJ9,2
Q9BXP5,2
Q9BY08,4
Q9BYJ9,4
Q9BZ95|P40337,2
Q9BZF1,2
Q9C0D9,2
Q9C0E8,2
Q9GZR7,2
Q9H074,2
Q9H0D6,2
Q9H0U3,2
Q9H244|P51582|P47900|P41231|Q15391|Q15077|Q96G91|Q9BPV8,4
Q9H3K2,2
Q9H3L0,1
Q9H3R0|P40337,1
Q9H4B6,2
Q9H4Z3,4
Q9H8H3,2
Q9H8M2|Q66K64,2
Q9H9B4,2
Q9HAN9,3
Q9HB55,2
Q9HB58,2
Q9HC07,2
Q9HCC0,2
Q9HD45,2
Q9NPF4,2
Q9NPI1|Q66K64,2
Q9NQA5,4
Q9NQS7,2
Q9NR30,3
Q9NR45,2
Q9NRF8,4
Q9NRF9,2
Q9NRP0,2
Q9NUQ9,2
Q9NUX5,4
Q9NV35,2
Q9NV70,2
Q9NVI1,2
Q9NVI7,2
Q9NVP1,2
Q9NVU7,2
Q9NW13,2
Q9NWQ8,2
Q9NWW5,2
Q9NX61,2
Q9NXB9,4
Q9NXG2,2
Q9P032,2
Q9P035,2
Q9P0R6,2
Q9P1Z3,3
Q9P2E9,2
Q9UBF2,2
Q9UGP8,2
Q9UH99,2
Q9UHB9,2
Q9UHI6,2
Q9UI10,2
Q9UI12,2
Q9UIA9,2
Q9UJU2,2
Q9UJU6,2
Q9UJX2,2
Q9UJZ1,2
Q9UK05,2
Q9UKD2,2
Q9UM00,2
Q9UM22,2
Q9UM73|Q9HC35|Q5T4S7|Q8IWV7|Q8IWV8,1
Q9UNL2,2
Q9UPN3,2
Q9UQ80,2
Q9UQ88|Q96S94,4
Q9Y2C9,3
Q9Y2R5,2
Q9Y2Z0,2
Q9Y376,2
Q9Y3C4,2
Q9Y3C6,3
Q9Y3F4,2
Q9Y3I0,2
Q9Y3T9,2
Q9Y3U8,2
Q9Y4R8,2
Q9Y4W6,3
Q9Y512,2
Q9Y520,2
Q9Y5L0,2
Q9Y5Y6|P05981|Q04756,4
Q9Y696,2
Q9Y6D6,2
Q9Y6G9,2
Q9Y6I4,3
Q9Y6K9,4
A6NNY8,5
A7MCY6,3
O00254,5
O00303,2
O00555,5
O14641,5
O14966,4
O43169,3
O43280,5
O43353|Q96SW2,3
O43708,5
O43765,4
O43865,5
O60341|Q9P2K3,5
O60610,3
O60664,3
O60674|P40763,2
O60885|Q9UK73,3
O75197,5
O75396,3
O75909|Q9NYV4|Q16531,2
O94826,4
O94905,3
O94925|Q9UI32,3
O95782,3
O95831,3
O96017|O14757,4
P00167,4
P00439,3
P00505,3
P01019,5
P01133,5
P01178,5
P01282,5
P04035|P40337,3
P04437|P01848|P04435|P03979,4
P04629|Q16620,5
P04637|O60885,1
P04818|P31939,5
P05160,5
P06744,3
P08034,5
P09496,3
P0DPI2,3
P11802|Q13490,3
P12830,4
P13473,3
P14867|P18505,4
P15313,5
P15514,5
P16144,3
P16949,3
P17787|P30926|P32297|P43681|Q15822|Q9UGM1|Q15825|P30532|P36544|Q9GZZ6|Q05901,3
P18206,3
P19532,3
P21217,5
P21281,3
P22626,3
P23229,3
P24298,4
P25092,5
P26038,3
P27482,5
P27824,3
P29374,3
P30520,4
P30988|O60895,5
P34932,3
P35125,5
P36542,3
P36551,3
P40337|Q13772,3
P40337|Q5TCX8,1
P40337|Q9BZS1,3
P42229|P51692|Q96SW2,2
P46977,3
P48357,3
P48740,3
P49354,4
P50213,3
P51178,3
P52789|Q96SW2,3
P52815,3
P55084,3
P55957,2
P60484,5
P61586|Q9NZN5,5
P61604,3
P61812,5
P67936,3
P68036,3
P78563,1
P80192|P40337,1
P98179,3
Q00325,3
Q00535|O60563,5
Q00688,4
Q01974,5
Q02779|P40337,1
Q03252,3
Q03518|Q03519,5
Q06187|Q16186,2
Q09666,3
Q11130,5
Q11203,5
Q12904,3
Q12905,3
Q13011,4
Q13347,3
Q13395,3
Q13477,5
Q13547|Q9P2K3,5
Q14103,3
Q14318,4
Q15102,4
Q15436,3
Q15678,2
Q15785,4
Q15858|Q07699,5
Q16760,5
Q16822,3
Q2M1P5,3
Q32MZ4,3
Q3B792,5
Q3MHD2,3
Q3ZCQ8,3
Q53GS9,4
Q56A73,4
Q5JUX0,4
Q5T2D3,5
Q5VYK3,3
Q5XG87,5
Q6PFW1,5
Q6R6M4,5
Q6ZWB6,4
Q70EL2,5
Q7L5A8,5
Q7Z4S6,5
Q7Z4V5,4
Q7Z6Z7,3
Q7Z7B1,5
Q86UE4,3
Q86V67,5
Q86WV6|Q9BV68,2
Q8N543,5
Q8N573,5
Q8NBS9,4
Q8NDF8,5
Q8NFF5,3
Q8TCT0,5
Q8TDN7,2
Q8WZA0,1
Q92482,3
Q92597,4
Q92600,4
Q92843|P55957,5
Q96FJ0,3
Q99250|Q07699,5
Q99942,4
Q9BPZ2,4
Q9BRS8,1
Q9BU89,5
Q9BXW9,3
Q9BY44,3
Q9H2H9,3
Q9H6S1,3
Q9H9B1|Q96SW2,1
Q9NNW7,2
Q9NPI1|Q9H8M2,5
Q9NPI8,1
Q9NQC7,5
Q9NRN7,4
Q9NS61,5
Q9NY64,4
Q9NZB2,3
Q9P2H5,5
Q9UFN0,4
Q9UKX2,5
Q9UMW8,3
Q9Y3D9,3
Q9Y5Z6,3
A1L3X0,4
A1Z1Q3,6
O00139,1
O00541,1
O14497,1
O14933,1
O14974,1
O15027,3
O15164|P40337,4
O15371,3
O15379|Q9UBN7,2
O15525,3
O43298,1
O43299,1
O43395,1
O43829,1
O43913,1
O60568,6
O60671,4
O60684,1
O60885|Q66K64,3
O60942,1
O75132,1
O75351,4
O75874|P48735,6
O75912,6
O75955,1
O94776,1
O94842,1
O94903,1
O95365,1
O95477,3
O95639,1
O96008,3
P00533|Q9C0D3|Q7Z7L7,1
P01112|P01111|P01116|Q96SW2,2
P02724,5
P04179,6
P05107|P11215|P29965,6
P05109,1
P05556|P56199,6
P07738,6
P08621,1
P0C0S5,1
P0DMV8|P0DMV9,4
P10515,4
P10620,5
P11177,3
P11802|P24941,6
P11802|P50750,1
P13928,1
P13987,1
P14174|Q96SW2,5
P14373,1
P14678,1
P17010,1
P17096,1
P19105,1
P19419,5
P20671,1
P21246,6
P21554|P35372,6
P23560,6
P23588,3
P24387,5
P27216,1
P27348,4
P29120,6
P29590,1
P30530|P40337,6
P30711,6
P30988|O60894,6
P32189,6
P35080,1
P35247,6
P35659,1
P38159,1
P39687,3
P40337|P28347,6
P42695,1
P47870|P31644,3
P47870|P34903,3
P47870|P47869,3
P48595,1
P48643,3
P49005,1
P49247,1
P49685,5
P50452,1
P50990,3
P51168,6
P51170,6
P51946,4
P54198,1
P54289|O00555|Q02641,6
P54886,3
P55211|P42574|O14727|P99999,6
P56537,3
P57764,6
P62942|Q96SW2,5
P68032,1
P68363,4
P78346,1
P83436,4
P84022|P01137,2
P84243,1
Q00987|Q00534,3
Q01201,6
Q02809,6
Q05682,1
Q08554,1
Q08ET2,6
Q12789,1
Q12968,1
Q13112,1
Q13330,1
Q13356,1
Q13485,1
Q13547|O60885,3
Q13547|Q9Y618,6
Q13573,1
Q13613,1
Q13635,3
Q13972,6
Q14247,3
Q14331,1
Q14524|Q07699,6
Q14576,6
Q14676,1
Q149N8,1
Q15052,1
Q15427,1
Q15542,1
Q16594,1
Q16891,4
Q2NKX8,1
Q2TAY7,1
Q53EU6,1
Q53T94,1
Q5D862,1
Q5SXM2,1
Q5T4S7,3
Q5T5X7,1
Q5T6S3,5
Q5T7W0,1
Q5VT52,1
Q5VV17,6
Q68DK7,1
Q69YH5,1
Q69YQ0,1
Q6EIG7,6
Q6GMR7,6
Q6GMV2,1
Q6PH85,5
Q6PI98,1
Q6TGC4,6
Q6UB35,3
Q6UN15,1
Q6UW60,6
Q75QN2,1
Q7KYR7,6
Q7RTR8,6
Q7RTV0,1
Q7Z3U7,4
Q7Z434,4
Q7Z5K2,1
Q7Z7L1,1
Q86UL3,1
Q86UW1,4
Q86V48,1
Q86WB0,1
Q86WJ1,1
Q86Y91,1
Q86YZ3,1
Q8IUE6,1
Q8IWC1,1
Q8IWT0,1
Q8IYB3,1
Q8IYS1,1
Q8N2W9,1
Q8N806,1
Q8NEZ5,1
Q8NFV4,4
Q8TC07,3
Q8TDH9,1
Q8WTW3,4
Q8WUA2,1
Q8WWY3,1
Q92556,1
Q92564,5
Q92569,6
Q92769|Q9Y618,6
Q92844,4
Q92995,4
Q93074,1
Q93084,5
Q969T9,1
Q96A08,1
Q96AD5,5
Q96CN7,1
Q96EZ8,1
Q96FZ2,1
Q96GM8,1
Q96HS1,4
Q96JM3,1
Q96MW5,4
Q96NZ9,6
Q96P09,6
Q96P63,1
Q96QC0,1
Q96RE7,1
Q96SB3,1
Q96SW2|Q96CP6,1
Q96T58,1
Q99062,6
Q99613,1
Q99684,1
Q99808|Q7RTT9|Q14542|Q9BZD2,5
Q99952,4
Q9BQ67,1
Q9BQE3,4
Q9BQY4,1
Q9BR01,6
Q9BRJ7,1
Q9BRX2,1
Q9BSD7,3
Q9BSJ8,3
Q9BT78,1
Q9BTE3,1
Q9BUR4,3
Q9BVI4,1
Q9BXF3|Q96SW2,5
Q9BY42,1
Q9BYB4,1
Q9C0C2,5
Q9C0H9,6
Q9GZP4,1
Q9GZS1,1
Q9H0C8,1
Q9H3N1,3
Q9H568,1
Q9H5V9,1
Q9H649,2
Q9H7D7,1
Q9H9A6,1
Q9H9E3,4
Q9HB71,3
Q9HBI6,6
Q9HD42,1
Q9NNW5,1
Q9NPC7,1
Q9NPF5,1
Q9NPI1|Q96SW2,2
Q9NQW5,2
Q9NRZ9,1
Q9NS91,1
Q9NTG7|Q96SW2,2
Q9NV88,1
Q9NW64,1
Q9NWB6,1
Q9NX63,4
Q9NYP7,5
Q9NZC2,6
Q9P2I0,1
Q9UER7,1
Q9UFC0,1
Q9UFW8,1
Q9UHB6,1
Q9UHF0,6
Q9UJ72,1
Q9UKF6,1
Q9UKN8,1
Q9UL03,1
Q9ULJ3,1
Q9ULK4,4
Q9ULL5,1
Q9ULZ3,3
Q9UM73|Q9HC35|Q9C0D3|Q7Z7L7,1
Q9UNX4,1
Q9UPN7,4
Q9UPW6,1
Q9UQ84,6
Q9Y2R9,3
Q9Y2V7,4
Q9Y2X0,1
Q9Y314,1
Q9Y3B4,1
Q9Y478|Q13131|Q9UGI9,5
Q9Y4K1,1
Q9Y4W2,1
Q9Y4X0,1
Q9Y508,4
Q9Y606,1
Q9Y6M1,5
A6NHR9,1
O00206|Q9Y6Y9,4
O00391,5
O00422,1
O00590,6
O14986,6
O15016,7
O15169,4
O15264|P40337,4
O15511,4
O43184,7
O75340,5
O75387,7
O75390,4
O95140,5
O95218,1
O95237,3
P01583,7
P03372|P98170,5
P03372|Q13490,4
P04626|P21860,2
P04629|P06753,2
P09455,7
P0DPD6,5
P10589,7
P12081,5
P13501|P59665,6
P14209,2
P15531|P22392,2
P16298,6
P17480,1
P18583,1
P19022,3
P19256,7
P20042,4
P22307,3
P24941|P40337,5
P29275|P29274,7
P35250,1
P35269,1
P35348|P08913|P08588|P07550|P18825|P25100|P35368|P18089|P13945,4
P35354|O14684,4
P35498|Q07699,7
P38432,1
P40337|Q92519,6
P40939,4
P41181,4
P41212,2
P46098|O95264,5
P46459,6
P46937|Q96SW2,7
P50750|O60583,6
P52294,1
P52888,6
P53602,6
P54646|Q9UGJ0|Q9Y478,5
P55265,5
P56715,7
P62979,2
P78317,3
Q03135,4
Q07820|Q07812,4
Q07889|P40337|Q15370|Q15369,7
Q12913,7
Q13115,7
Q13489|Q9UDY8,7
Q14376,7
Q15022|P40337,3
Q16775,5
Q3L8U1,1
Q6DKI2,7
Q6NUJ5,1
Q6P4R8,1
Q6R327,3
Q6UX04,1
Q6ZQN7,6
Q8IWX8,1
Q8IXL7,2
Q8NFC6,1
Q8TF01,1
Q8WTT0,6
Q92541,1
Q92830|Q96SW2,1
Q92925,2
Q92952|Q9UGI6|Q12791|O15554|Q9H2S1|A8MYU2,7
Q93034,5
Q96EB6|Q96SW2,3
Q96G23,4
Q96GM5,1
Q96HR8,1
Q96PV6,1
Q96Q40|Q8ND76,7
Q96S94,1
Q96ST2,1
Q96SW2|Q8IYD1,2
Q99536,3
Q99720|Q5BJF2,6
Q99733,6
Q99988,7
Q9BW71,1
Q9H307,1
Q9H4L4,7
Q9H7E2,5
Q9H7L9,1
Q9H981,1
Q9H9F9,1
Q9HCG8,1
Q9HCK8,1
Q9HCL2,2
Q9HD36,7
Q9NPA8,1
Q9NPI8|Q14469,3
Q9NQZ5,7
Q9NX24,1
Q9NZL4,1
Q9NZM4,1
Q9UBB9,1
Q9UBX7,7
Q9UHR5,1
Q9UI36,1
Q9UJV9,1
Q9UKG9,5
Q9ULG1,1
Q9UM73|Q9HC35|P40337,4
Q9UQ35,1
Q9Y315,4
Q9Y3E1,1
Q9Y4L1,4
Q9Y5B6,1
Q9Y5R2,7
Q9Y6A4,1
Q9Y6I3,5
Q9Y6I9,5
B0I1T2,2
O00148,3
O00483,4
O00505,2
O00746,5
O14842|P30679,5
O15047,2
O15068,6
O15160,2
O43172,3
O43521,8
O43583,2
O43704,8
O43739,7
O43741,6
O43809,2
O43847,2
O60361,8
O60583,5
O75691,2
O75897,8
O95336,2
O95466,2
O95785,7
O96028|P40337,5
P01138,7
P02776,8
P03372|Q96SW2|Q13619,2
P04000,8
P04035|Q96SW2,1
P05106|P06756|P18084,8
P06241|P12931|P06239|P07947|P51451|P08631|P07948|P42685|P09769|Q9H3Y6,1
P06493|P78396,8
P06709|Q13309,3
P06730|Q04637,6
P07099|P34913,4
P08579,2
P08758,2
P09012,2
P09525,2
P09651,3
P09661,2
P0DMM9,8
P11387|P11388,3
P11678,7
P13984,2
P16519,8
P17643,5
P20333,6
P22897,6
P23109,8
P27816,2
P31040,6
P32321,3
P35625,8
P35869|P40337,1
P35869|Q96SW2,1
P37840|P40337,5
P40337|P35226,5
P40337|Q6NYC1,1
P40337|Q9NYV4,4
P45880,5
P48050,8
P49023,5
P49321,2
P50995,2
P51816,1
P52565,7
P55199,1
P55769,2
P59539,7
P59551,7
P60981,2
P61247,2
P61619,2
P61964|Q96SW2,3
P62304,2
P62318,2
P62837,6
P63244,2
Q00653,6
Q01105,3
Q02218,3
Q06265,2
Q10570,2
Q12791|Q86W47,7
Q12794,8
Q12824,2
Q13144,2
Q13351,2
Q13535|P40337,4
Q13546|P40337,2
Q13627|P40337,4
Q13724,8
Q14849,4
Q15031,8
Q15172,8
Q15366,3
Q15413,4
Q15428,2
Q15459,2
Q15599,4
Q15637,2
Q16576,2
Q16613,7
Q4VCS5,3
Q5H9R7,3
Q5JWF2,8
Q5UIP0,2
Q5VVY1,8
Q68CP9,2
Q6IQ23,8
Q6J4K2,4
Q6P1J9,1
Q7L2H7,2
Q8IWE4,6
Q8N684,2
Q8N7H5,1
Q8NB46,3
Q8NE71,2
Q8TAF3,2
Q8TCT9,4
Q8TEM1,2
Q8WVC0,1
Q8WVV9,2
Q8WWT9,7
Q8WXF1,2
Q8WXI9,2
Q8WXX5,2
Q92797,2
Q969G3,2
Q96C19,2
Q96GD4|Q9UQB9|O14965,4
Q96P11,3
Q96RD7,6
Q99542,8
Q9BRP1,2
Q9BVC6,2
Q9BVG4,2
Q9BWD1,8
Q9BX68,5
Q9BXN2,7
Q9BYC5,8
Q9C0J8,2
Q9GZS3,1
Q9H160,7
Q9H3K6,2
Q9H479,3
Q9H583,2
Q9H5Z1,2
Q9H8M2|Q9H0E9,4
Q9NPD3,2
Q9NRG9,2
Q9NRW3,2
Q9NSA3,2
Q9UBB5,8
Q9UBB6,2
Q9UH17,8
Q9UH92,8
Q9UKJ3,2
Q9UMS4,2
Q9Y266,2
Q9Y277,4
Q9Y2A9,4
Q9Y2H9|Q6P0Q8,7
Q9Y463|P40337,4
Q9Y6C9,4
Q9Y6H5,8
Q9Y6T7,8
A5YKK6,5
B9EGA7,3
O14782,8
O43167,1
O60256,3
O94766,6
O95625,1
O95816,2
P00451,9
P06576,5
P06729,6
P06729|P19256,7
P08648|P26012,3
P10074,1
P11226,8
P11362|Q96SW2,7
P15088,9
P20645,5
P24385|P24941,9
P24864,6
P25440|O43791,1
P25705,5
P25942,8
P26368,2
P30876,2
P31513,4
P31948,7
P35249,2
P35251,2
P36402|P35222,9
P42704,7
P43487,6
P46937|Q99594,8
P47775,9
P49588,7
P49619,9
P49756,2
P51114,5
P51692|Q96SW2,4
P51787|Q8N4C8,7
P51825,2
P52739,1
P53999,2
P54252,9
P54368,4
P62834,6
Q00266,4
Q00534|P30279,5
Q02318,8
Q02413,2
Q08257,8
Q12874,3
Q13105,4
Q13309|P0A3G3,5
Q13428,2
Q13490|O15265,4
Q13490|P54259,4
Q15059|O43791,1
Q15256,9
Q15291,2
Q16186,5
Q16526,9
Q16595,7
Q5U5Z8,4
Q68DU8,4
Q695T7,7
Q6PCT2,9
Q6PD62,2
Q6UXN9,2
Q71U36,3
Q76I76,9
Q7LFL8,9
Q7Z2W4,7
Q86VM9,2
Q8N163,3
Q8N680,1
Q8NB12,9
Q8NCP5,1
Q8ND56,2
Q92831|Q96SW2,2
Q92922,2
Q96C00,1
Q96DT7,1
Q99615,4
Q9BY32,3
Q9BY64,8
Q9BYV9,1
Q9H2H0,9
Q9H2U1,3
Q9HBY0,8
Q9NUA8,1
Q9NYF8,2
Q9P0U4,9
Q9UBL3,2
Q9UGN5|Q96SW2,5
Q9UHV9,3
Q9UK17|Q9NS61,9
Q9UKV3,2
Q9ULV1,5
Q9ULV8,9
Q9UP65,9
Q9UPU5,3
Q9UPY6,2
Q9Y227,9
Q9Y237,7
Q9Y2K1,1
Q9Y365,9
Q9Y4E8,9
Q9Y5T5,8
O00231,4
O00329|Q96SW2,9
O14776,3
O15260,3
O43324,3
O43684,3
O43707,3
O60729,9
O60882,10
O75306,4
O75940,5
O76094,3
O95264,2
O96019,3
P01374,10
P04233|P08922,5
P04637|P53355,10
P04637|Q08752,10
P04844,3
P05556|Q13797,10
P08133,3
P08238|P22626,2
P09619|P40337,4
P0DPD6|Q96NY9,2
P10721|P35968,10
P12270,3
P12956,3
P13010,3
P14210,6
P14416|P08908,10
P14866,3
P16403,3
P17252|P05771,5
P17858,4
P17987,3
P20073,3
P20700,3
P21333,3
P21439,9
P22680,10
P23246,3
P23396,3
P25786,8
P25789,3
P26640,3
P28070,9
P28072,8
P29373,10
P30153,3
P35268,3
P35637,3
P35916|Q05397,2
P37088|P51168|P51170,10
P37108,3
P40337|P15170,4
P40616,3
P40937,3
P42166,3
P43243,3
P43246,3
P43307,3
P46013,3
P46527,4
P49368,3
P49458,3
P49591,9
P49810,9
P50897,7
P50991,3
P51532|Q96SW2,3
P51858,3
P53007,5
P55060,3
P55160,3
P57088,3
P59535,8
P59543,8
P59998,3
P60228,3
P60900,3
P61289,3
P61978,3
P62081,3
P62140,5
P62244,3
P62249,3
P62258,7
P62273,3
P62277,3
P62701,3
P62995,3
P63000|Q13009,7
P63167,3
P67812,3
P68366,3
P84103,3
P98187,4
Q01082,3
Q07666,3
Q12906,4
Q13123,3
Q13185,4
Q13467,6
Q13526|Q96SW2,4
Q13813,3
Q14152,3
Q14204,3
Q14258,3
Q14573,10
Q14765,6
Q15022,6
Q15233,3
Q15399,6
Q15631,3
Q15759|Q96SW2,2
Q16629,3
Q16774,5
Q17RY6,6
Q29RF7,3
Q5S007|Q96SW2,6
Q6L8Q7,4
Q6Y7W6,3
Q7KZF4,6
Q7L1Q6,3
Q7L576,3
Q7LBE3,10
Q7RTX0,4
Q86T24,2
Q86YP4,3
Q8IXB1,3
Q8N1F7,3
Q8NFA0,2
Q8NFT8,2
Q8TAQ2,3
Q8TEA1,10
Q8TEQ6,3
Q8TEX9,3
Q8WUM4,3
Q92621,3
Q92878,3
Q92887|Q9Y6L6,7
Q92973,3
Q96CW5,3
Q96P68,10
Q99832,3
Q9BSJ2,3
Q9BUJ2,3
Q9BXS5,3
Q9H3S4,10
Q9HAV4,3
Q9HB03,10
Q9NTJ3,3
Q9NYU2,3
Q9NZ01,3
Q9UBB4,3
Q9UHB7,2
Q9UHX1,3
Q9UK23,10
Q9UKU0,10
Q9UQE7,3
Q9Y285,3
Q9Y383,3
Q9Y678,3
O00203,3
O15042,3
O15143,4
O60282,10
O60506,4
O60832,3
O75400,3
O75419,6
O75976,11
O94906,3
O95259,11
P02656,11
P04843,4
P05023,9
P05556,6
P08913|P35372,2
P0C870,8
P10826|P19793,11
P13631|P19793,11
P17050,11
P17301,10
P19338,4
P25445,4
P26583,4
P28476,9
P29074,11
P29144,4
P29692,4
P30044,5
P30048,5
P30530|P41212,11
P31943,4
P32019,11
P35713,1
P39019,3
P40938,3
P42263|P42262,6
P45983|P45984,7
P46782,3
P46783,3
P48052,11
P48736|Q8WYR1,10
P49916,5
P51572,4
P51610,3
P52597,4
P52907,4
P56524|Q96SW2,9
P62316,3
P78347,3
P78371,3
P84090,3
Q00526|P24863,8
Q00987|P00533,5
Q01081,3
Q01130,3
Q04656,1
Q05639,4
Q06210,7
Q07065,7
Q08945,3
Q09028,4
Q09161,3
Q13247,4
Q13572,9
Q13609,3
Q14145|Q13501,10
Q14157,4
Q14974,4
Q14978,3
Q14980,3
Q15029,3
Q15648,2
Q15910|O75530|Q15022|Q09028|Q16576,7
Q16531,4
Q16819,9
Q5JVF3,3
Q6NVY1,5
Q6P2Q9,3
Q6UXH0,11
Q6YP21,9
Q7Z628,10
Q86TP1,10
Q86V81,4
Q86W47,7
Q86W50,11
Q8NBQ5,5
Q8WVB3,11
Q92974,3
Q9BPW9,11
Q9H2M3,9
Q9NP87,11
Q9NPA2,11
Q9NYG5,11
Q9NYW4,9
Q9NZN5,3
Q9P258,3
Q9UI42,11
Q9Y262,3
Q9Y5B9,4
O15460,12
O15528,11
O43592,5
O60488,11
O60547,5
O60669,11
O60895|Q16602,12
O75694,4
O75909,8
O95848,9
P04075,5
P06239|Q06187,4
P06241|Q06187,4
P06493|Q96SW2,7
P07602,3
P07948|Q06187,4
P08238|Q96SW2,11
P10636|Q96SW2,2
P17787|Q15825,12
P25440|Q9H8M2,4
P26006,8
P26045,9
P26641,5
P33993,3
P35232,6
P40763|P43378,1
P42229|Q96SW2,4
P46940,4
P47756,4
P51608,12
P51654,7
P53618,4
P54802,4
P59541,10
P59544,10
P61586|Q92888,2
P63151,9
Q00839,4
Q06323,4
Q07955,4
Q08357,12
Q12830|Q96SW2,4
Q13310,6
Q13404|P61088,10
Q13490|P36969,3
Q14542,6
Q15022|Q96SW2,10
Q15059|Q9H8M2,4
Q15475,2
Q15782,12
Q58HT5,12
Q5TFE4,3
Q8N130,12
Q8NFP7,5
Q8NG06,11
Q8WUM9,12
Q92688,4
Q92997,11
Q96G61,5
Q96GW9,12
Q99439,4
Q9BTE7,6
Q9NR50,4
Q9NYW6,10
Q9NZJ9,5
Q9NZV8,12
Q9UBV8,5
Q9UL46,4
Q9ULW0,7
Q9UQB9|Q9NQS7,5
O00170,6
O00743,7
O15269,6
O43143,5
O43521|Q16548,8
O60662,13
O60928,11
O75914|Q13177|Q13153,13
O95198,13
P00441|P04179,13
P02778,12
P04181,5
P06753,5
P07910,5
P10636|Q14145|Q13618,5
P14384,10
P14635|O00311,12
P16442,4
P17844,5
P18505,10
P20848,12
P21796,9
P25205,4
P28347|Q96SW2|Q15561|Q15562|Q99594,4
P31321,13
P31323,13
P33992,4
P43155,12
P48051,13
P49326,3
P52701,5
P54821,3
P61769|Q95460,10
P80098,13
P81277,11
P81605,5
Q07011,6
Q11128,10
Q14571|Q14573|Q14643,6
Q15004|Q96SW2,1
Q15185,12
Q15365,5
Q16602|O60896,13
Q2TBA0,13
Q3ZCT8,13
Q6TDP4,13
Q7Z4W1,12
Q8IXQ5,13
Q8NFY9,13
Q8TBB5,13
Q8WVY7,10
Q92888,11
Q96AG4,5
Q96SW2|Q99497,4
Q9HBK9,13
Q9NP77,12
Q9NP99,1
Q9NPP4,10
Q9NQC3,7
Q9NVR0,13
Q9NYV9,10
Q9P0Z9,4
Q9P2G3,13
Q9UIJ5,11
Q9UJP4,13
O14777,5
O43670,4
O60674|P98170,8
O75530|P40337,6
O95573,12
P04083,3
P04818|P31939|P22102,9
P07101,14
P07478,14
P08962,13
P13796,4
P14778,14
P14867|P28472,12
P17735,13
P23743|Q13574,7
P25054|Q9NQB0,8
P28476|A8MPY1|P24046,14
P29762,14
P35579,7
P35968|Q02763,14
P47870|P18505,14
P48506,5
P49336|Q96SW2,6
P52272,7
P54136,6
P54289|Q13936|Q08289,6
P61081|Q15843,13
P62942|O75469|Q96SW2,2
P78508,12
Q01094,4
Q07001,7
Q09428,11
Q09472|Q16665|Q92793,8
Q12809|Q969V1,14
Q13315|P40337,1
Q13563,9
Q14626,14
Q16665|P40337|Q15370|Q15369,12
Q8IVM8,14
Q92583,10
Q96BD0,11
Q96L96,10
Q96QK1,6
Q9BV47,14
Q9BZ11,12
Q9GZL7,10
Q9NYW1,11
Q9NYW5,11
Q9NZT2,6
Q9ULK4|P78545,8
Q9UM73|P40337,9
Q9UM81,7
Q9Y2E5,14
Q9Y2M5,14
Q9Y6Q9|P40337,7
O00337,8
O14815,15
O14880,9
O95989,5
P02708|P17787,15
P04040,9
P09544,13
P14060,15
P17655|P07384,9
P20809,15
P24347,14
P29972,14
P30939|P08908,15
P30939|P28222,15
P31146,4
P31350,15
P31944,9
P35222|P12830,10
P35968|P21802,15
P36507|Q96SW2,9
P39656,14
P47897,12
P48051|Q92806,14
P48169,14
P49638,11
P50135,10
P52333|Q96SW2,11
P54646|O43741|Q9UGJ0,14
P54646|Q9Y478|Q9UGI9,14
P59537,11
P60033,9
P61086,10
Q02750|Q96SW2,9
Q07817|P55957,15
Q13057,9
Q13107,14
Q13322,7
Q13501,12
Q14240,10
Q14566,5
Q15831|Q7RTN6|Q9Y376,10
Q53G59,14
Q6E213,15
Q8IXQ6,13
Q8NEC5,11
Q8TE23,3
Q92608,8
Q92841,7
Q96F10,6
Q96SW2|Q96JP5,6
Q99436,14
Q9BRH5,15
Q9BZM2,15
Q9H4M9,10
Q9NQ66,7
Q9NWH9,9
Q9NZM1,5
Q9UH77,15
Q9UI33,13
Q9ULU4,5
O00299,6
O14862,8
O43741|Q13131|Q9UGI9,15
O75151,16
O75530|Q96SW2,12
O95665|P30989,14
P00533|Q8IVV7,2
P02458,15
P02708|P11230,15
P03452|P40337,4
P08567,16
P09874|P40337,12
P10768,3
P11473|P19793,16
P11802|P40337,14
P13667,10
P14416|P41594,13
P15531,7
P21741,16
P24928,6
P30939|P28221,16
P35869|P98170|Q13490,2
P36888|P40337,6
P42336|Q15118,16
P42356|A4QPH2,16
P46937|Q15562,9
P48736|O00329,13
P50281|P08253,16
P53539,15
P53539|P17535,15
P54098|Q9UHN1,16
P54284,16
P55061,6
P61964|Q03164|Q9UBL3|Q15291,10
Q01844,7
Q11201,12
Q13616|Q15843,7
Q14680|Q96SW2,5
Q66K64,13
Q8IUF8,11
Q92769|Q96SW2,15
Q92824,16
Q96SW2|Q86U44,8
Q99757,8
Q9BZM1,16
Q9NR96|Q9NYK1,2
Q9UKR0,10
Q9UL51,10
Q9ULM6,16
Q9UMN6,14
O60563|P50750|O60583,17
O76074|P27815|Q14432|Q13956|P18545|O00408|Q13946|P54750|O76083|P35913|Q08499|Q07343|O43924|P16499|Q13370|P51160|O95263|Q9Y233|Q01064|Q08493|Q14123|O60658|Q9NP56,17
P00519|Q96SW2,6
P01160,17
P07203,2
P42336|Q96SW2,4
P42338|O00459,17
P54317,4
P55073,9
P63146,11
P98170|Q13489|Q13490|Q96SW2,10
Q12882,17
Q13162,9
Q13427,11
Q13490|Q96SW2,9
Q13616,13
Q14498,3
Q14642,17
Q16827,14
Q5VWQ8,8
Q6FI81,4
Q92959,15
Q96KQ7|Q96SW2,7
Q96SW2|Q14765,6
Q9BVJ7,16
Q9H3H5,11
Q9H4A4,15
Q9HA47,6
Q9ULA0,11
Q9UMX1,17
Q9Y2K6,13
O00469,18
O60930,16
O95255,14
P05107|P56199,10
P07949|Q13772,6
P08294,14
P10070,17
P10415|P55957,18
P10644,18
P11511|P40337,13
P13798,10
P20248,14
P21554|O43613,9
P22061,7
P29373|Q13490,4
P30041,6
P33527|P08183,7
P36507|Q02750|Q96SW2,14
P41134,15
P43007,13
P43490|Q9BXW4|Q9GZQ8|Q9H492,7
P46108,10
P46821,7
P48169|P26010,10
P48547,17
P49674|P40337,3
P51784,15
P52630,5
P54289|Q13936|P54284,6
P67870|P48729,18
Q12834,9
Q13177|Q13153,18
Q13435,7
Q13620,16
Q7Z460,10
Q86WA6,5
Q92547,18
Q9H9S0,18
Q9NYG8,10
Q9UGJ0|Q9Y478|Q13131,17
Q9UHD2|Q96SW2,18
Q9Y5P4,15
O00410,9
O14920|O15111,17
O60563|P50750|Q9GZQ8,6
O75164|O94953,1
O95263|O60658,19
P00918|Q96SW2,3
P20594,15
P23458|P98170,8
P43694,4
P46109,8
P51649,19
P61081,5
P62942|P68106|P42345,14
P84022|Q15796,15
Q00987|O60885,6
Q01844|Q01543,18
Q06187|P40337,12
Q14995,8
Q15796,16
Q7Z478,18
Q86X55|P40337,7
Q86XP1,10
Q8IVW8,17
Q8IZL9,9
Q8TCU5,19
Q92616,7
Q96SW2|P35226,9
Q9H930,18
Q9HA64,5
Q9NS86,14
Q9UIF8|P40337,5
Q9UIG8,15
Q9UJ71,18
Q9UPS6,12
Q9UPY3,10
Q9Y2T3,15
Q9Y616|P40337,10
O14686,19
O15270,17
O94907|O75581,19
P00568,7
P02763,19
P03905,16
P04049|P15056,6
P07900|Q96SW2,11
P13674,10
P15311,18
P20749,10
P31946,18
P42357,2
P51812|Q15349|Q15418,4
P51993,15
P53350|Q96SW2,6
P53671|P53667,19
P59542,8
Q00987|O15379,4
Q00987|Q92769,4
Q05516,20
Q15116,18
Q6PJP8,14
Q86Y97|Q4FZB7,1
Q96RQ9,20
Q96SW2|Q9UGL1,10
Q9BVG8,19
Q9NP58,20
Q9NYB5,20
Q9NZK7,19
Q9UBN4|P48995,7
Q9Y4K3,14
O14929,12
O43524,8
O43525,18
O43924|P01116,7
O95932,18
P03372|P98170|Q13490,2
P05106|P17301,20
P06730|Q96SW2,13
P10275|P98170|Q13490,2
P11362|P40337,6
P11802|P24941,16
P17658,21
P28472|P48169|Q06278,21
P42261|Q8WXS5,20
P50591,10
P63316,7
Q00534|P40337,11
Q00987|Q13547,5
Q13547|Q9UK73,4
Q5S007|P40337,4
Q92630|Q96SW2,9
Q96BZ4,7
Q96I25,12
Q96ST3,5
Q96SW2|P52630,7
Q99598,19
Q9BXA6,18
Q9H7D0,11
Q9H9B1|Q96KQ7,12
Q9NY33,20
Q9UKV8,9
Q9UM73|P06748|P40337,13
Q9UQD0|Q92915,8
O15355,14
O95267,17
O95453,22
O95503,20
P02708|P30926,19
P06730|Q13541,17
P07498,11
P23458|Q96SW2,12
P23528,14
P41182|Q6W2J9,19
P49863,18
P55011|Q9H2X9,22
P60709,8
P62942|P42345,20
Q08J23,15
Q09470|Q14722,21
Q13547|Q96SW2,17
Q14781,20
Q15059|P40337|Q15370|Q15369,9
Q5TCQ9,21
Q6RI45,17
Q96PR1,12
Q96Q04,12
Q99619,21
Q9BQ69,16
Q9C0J1,22
Q9NR82|P56696,22
Q9UBN4,17
Q9UKR3,17
Q9Y2T1,12
O14763,21
O14980|Q96SW2,12
O15021,15
O43353|P40337,9
O60704,20
O75493,20
P00326,23
P08319,23
P15382,23
P28347|Q96SW2,11
P30046,13
P35916|P35968,23
P35968|P41212,23
P40394,23
P49915,15
P51790,5
P54646|Q13131,16
P98170|O43353,21
Q13489|P42858,3
Q14457,19
Q15059|P40337,14
Q16539|P40337,11
Q16690,12
Q5MAI5,19
Q6P4F1,22
Q7RTT9,6
Q8IWS0,17
Q8TCG1,8
Q8TCG2,12
Q9BQB6,22
Q9GZZ9,23
Q9HCS2,16
Q9UM73|Q9HC35|Q8IVV7,5
Q9UNE7,13
O60266,24
O60566,15
O60885|Q9H8M2,7
P00325,24
P00480,8
P00740|P00451,13
P05455,11
P10092,24
P25440|P40337|Q15370|Q15369,9
P33176,22
P40337|P36969,18
P42677,20
P42892|Q96NY9,12
P48730|Q96SW2,10
P51116,9
P52655,22
Q00987|O15151,21
Q00987|P48729,5
Q15466,18
Q5R387,24
Q6P0Q8,10
Q8IXL6,23
Q96J66,18
Q99972,12
Q9BQL6,16
Q9HB14,21
Q9NRE1,22
Q9NRR2,17
Q9UNK4,24
Q9Y231,13
O43924|Q9GZQ8,13
P04233,25
P12931|P35968,25
P17787|P30926|P32297|P08648,13
P22459,24
P22732,24
P24385,20
P27540,15
P34059,3
P35558,25
P35638,25
P40337|Q9BV86,4
P46734|P01106,5
P48729|P40337,11
P49736,5
P52292,17
Q14643,10
Q16678|Q96SW2,13
Q5EB52,3
Q8NFJ6,10
Q8NG68,23
Q96CH1,9
Q99661,17
Q9UIF9|P40337,5
Q9Y5S1,13
O75144|Q9Y6W8,20
O75608,18
P00338|P40337,15
P04049|P01116,24
P14679|Q96SW2,21
P15941,10
P25440|O60885|Q58F21|Q15059,3
P28340,24
P30542|P29275|P0DMS8|P29274,24
P31749|P40337,26
P42262|P42261,12
P98170|Q13489|Q13490|P40337,17
Q13489|P40337,17
Q13509,18
Q13509|Q96SW2,3
Q16445,23
Q16584|P40337,2
Q9H792,21
Q9NQB0|P12830,19
Q9ULM3,16
Q9Y2C3,26
Q9Y5Y5,26
O00206|Q9Y6Y9|P08571,10
O00560,17
O15218,27
O15264|P53778,20
O43826,24
O75449,12
P00749|Q03405,11
P04637|Q00987|O15151,3
P07355,9
P08922|O95436,10
P0DPH7|P68366|Q71U36|P68363|Q9BQE3|Q6PEY2|A6NHL2|Q9NY65|Q96SW2,3
P12314,25
P17948|P35968,27
P32119,8
P35573,26
P40879,25
P42224|Q96SW2,13
P47870|P18507|Q16445,23
P50613|Q96SW2,16
P63279,21
P79483,26
Q04917,22
Q07817|Q9BXH1,27
Q5R387|Q9NZK7|P14555|Q9BZM2|Q9UNK4|P39877|O15496|P04054|Q9NZ20|Q9BZM1|Q9BX93,14
Q6SA08,22
Q8IV08,7
Q96QU1,11
Q96SW2|Q99496,13
Q9H867,27
Q9H9Z2,13
Q9UGN5|Q9NXF7,19
Q9UQD0|Q07699,27
O15379|Q96SW2,23
O95630,28
P01008|P00742,6
P03923|O95299|O00217|P03901|P56556|P03886|O95139|O00483|Q86Y39|P17568|P03891|O75306|P03915|P51970|O43674|P03905|P03897|O14561|O15239|O43181|O43676|O43677|O43678|O43920|O75251|O75380|O75438|O75489|O95167|O95168|O95169|O95178|O95182|O95298|O96000|P19404|P28331|P49821|P56181|Q16718|Q16795|Q8N183|Q9BU61|Q9NRX3|Q9NX14|Q9P032|Q9P0J0|Q9UI09|Q9Y375|Q9Y6M9,13
P05543,16
P10415|Q16611,28
P11172,20
P12104,20
P14867|P47870|O14764,12
P19623,19
P28472,22
P31749|Q96SW2,27
P36776,26
P38435,12
P42229|P51692,4
P56524|P40337,9
P68104,19
P68371|Q9H4B7|Q13509|P04350|Q3ZCM7|P07437|Q13885|Q9BVA1|Q9BUF5|Q96SW2|A6NNZ2,3
P69905,18
Q00613|Q03933|Q9ULV5,28
Q05BR4,24
Q12778|P23760,11
Q16651,28
Q53GQ0,14
Q7Z4H4,28
Q92952,25
Q969T7,5
Q96SW2|Q08050,11
Q96SW2|Q16531|Q13619|P15170,9
Q9HCX4,22
Q9NRA0|Q9NYA1,11
Q9UGH3,6
O00418|Q96SW2,24
O75533,9
P06493|P11802,29
P09619|P35968,28
P16220,11
P24941|P22674,24
P35475,15
P42336|P40337,8
P51617|P40337,10
Q09472|Q16665,25
Q13867,7
Q16875|Q16877,28
Q6ZN17|Q9H9Z2,3
Q92800|O75530|Q15022|Q6ZN18|Q09028,29
Q96JB6,15
Q9HAS3,23
Q9UHD2|Q9BV68,7
Q9UIG0,22
Q9UKK9,17
O60346,4
P01008,27
P03952|P00742,30
P08670,12
P10746,15
P10809,19
P15056|P40337,13
P20231,20
P33260|P05177|P33261,10
P35498|Q14524|P35499|Q01118|Q99250|Q15858|Q9NY46|Q9UI33|Q9UQD0|Q9Y5Y9,25
P46091,10
P61956|Q9HC62,10
P62136|P31749,7
P63165|P61956,10
P63165|Q9HC62,10
Q13490|P40337,17
Q15084,22
Q16706,30
Q7Z418,24
Q969R2,30
Q96HE7,18
Q9H6P5,21
Q9P0U3|P63165,10
Q9UKM7,30
Q9UM73|Q9HC35|Q9BV68,5
A4QPH2,14
O15217,12
P00734|P00749,29
P04271,23
P09417,27
P11229|P08912,4
P14927,21
P16389,29
P17706|Q96SW2,26
P18846,31
P20711,24
P25440|Q96SW2|Q13619,19
P27708,28
P30101,25
P31947,17
P52732|Q96SW2,25
P98170|P40337,17
Q08722,22
Q15059|Q96SW2|Q13619,19
Q8TE04,30
Q8WXB1,29
Q96P20|Q9GZQ8,8
Q9NYW3,11
Q9NZ20,22
O00451,16
O14965|Q96SW2,13
O60609,16
P08138,26
P10242,27
P10275|Q13490,20
P15692|P17948,10
P22079,28
P40337|P46937,11
P42338|P48736|P42336|O00329|Q96SW2,4
P48169|O14764|P18505,20
P48307,32
P56159,16
P67775,24
Q12791|Q16558,8
Q14761,25
Q6ZVD8,31
Q92519,23
Q96Q89,6
Q9C0K7,14
Q9H2S1,29
Q9NRM0,26
Q9NRX4,11
Q9UBK2,19
Q9UIV1,32
O14519,33
P02708|P11230|Q07001|Q04844,32
P07327,30
P10276|P19793,26
P12644,33
P19835,20
P40337|Q01973,10
P53779|Q13546,32
Q00987|P40337,5
Q15645,13
Q6UVM3,18
Q8IYB8,23
Q8N539,17
Q92598,15
Q92945,10
Q96GD4|O14965,31
Q9H015,26
Q9Y5A9,21
O76074|O00408,30
P00519|P11274|Q13490,7
P01137,34
P04275,11
P08581|P40337,32
P11717,17
P13569|Q9HD26,33
P13639,13
P21817|P62942,29
P23368,33
Q06124|Q96SW2,16
Q07890,29
Q10471,8
Q7LBC6,33
Q8NFU5,18
Q8TD43,33
Q92915,9
Q9UBC3|Q9UJW3,32
Q9Y616|Q96SW2,11
O00116,27
O95363,27
P07327|P08319|P00325|P00326|P40394|P11766|P28332,24
P08648,21
P10415|O43521,35
P15692|O14786,19
P15822,6
P20151,21
P24462,19
P24752,30
P31939|P22102,16
P35318,32
P42261|Q9Y698,32
P54652|P31948,15
P58335,34
Q13043|Q13188,4
Q14703,35
Q14807,35
Q8IXJ6|Q96SW2,8
Q8TF42,26
Q92851,28
Q96IV0,12
Q96SW2|Q92519,13
Q9HAU4,35
Q9NPD8,13
Q9UHI8,33
Q9UN76,10
O15066,35
O15399,28
O60885|Q16186,6
P04198,33
P06239|Q96SW2,17
P10276|P29590,15
P24941|P30274,36
P29279,13
P30530|Q96SW2,18
P43657,14
P55087,11
P60174,33
Q13309,25
Q15257,25
Q6ZMT4,21
Q8NER5,18
Q8TCT8,34
Q96QT4,31
O43464,18
O43525|Q9NR82,36
O60885|Q96SW2|Q13619,20
P09848,35
P15056|Q96SW2,12
P15169,30
P15291,36
P24593,16
P59533,22
P68371,22
Q00537|Q8ND76,33
Q12974,32
Q16549,25
Q16877,19
Q96PD4,13
Q99523|P28799,34
Q9BPV8,19
Q9H2X9,16
Q9HD26,34
Q9NY47,36
Q9NYW7,13
Q9NZQ7|Q96SW2,8
Q9UBY0,17
O60825,38
O75581,17
P11498,29
P16118,38
P43358,20
P51787|Q9UK17|Q12809|P16389|Q09470|O43526|O43525|Q96RP8|Q9NR82|P56696|O95259|P22459|P22460|P22001|P17658|P48547|Q9NZV8|Q92953|Q03721|Q14003|Q14721|Q16322|Q6PIU1|Q8NCM2|Q8TAE7|Q8TDN1|Q8TDN2|Q96KK3|Q96L42|Q96PR1|Q9BQ31|Q9H252|Q9H3M0|Q9NS40|Q9NSA2|Q9UIX4|Q9UJ96|Q9ULD8|Q9ULS6|Q9UQ05,34
P78325,28
P98161,25
Q16880,21
Q58A45,20
Q86UY6,12
Q96AD5|Q8NHY2,38
Q9HAZ1|P49759,2
Q9NZ42,26
A4D1P6,27
P05106|P05556|P06756|P08648,37
P06733,18
P07320,7
P07814,36
P10415|P40337,32
P13631|P10826|P10276,29
P14902|P40337,39
P25942|P29965,11
P31327,33
P40337|Q86U44,9
Q01668,32
Q06330,30
Q07820|Q16611,31
Q15904,33
Q53H12,26
Q6XQN6,23
Q96SW2|O95785,9
Q9UBM7,24
Q9Y694,31
O60906,28
P06748,22
P18627,30
P30043,8
P35557|Q14397,40
P47872,17
P48730|P48729,20
Q00610,36
Q09327,24
Q16678|P40337,18
Q5W0Z9,36
Q969Z3,21
Q9H9B1|P40337,16
Q9UNI1,34
Q9Y463|Q96SW2,13
O43895,21
O60885|Q8TEB1,14
O75164|P40337,15
O95372,18
P00519|P41212,41
P07315,8
P08243,11
P16671,29
P22083,15
P37840|Q96SW2,12
P43320,8
P53611|Q92696,21
P62330,41
Q05397|P40337,4
Q5T3U5,39
Q96KQ7|P40337,16
Q96SW2|Q9UJQ4,31
Q9UGM1,22
A1Z199,30
O14745,22
P12821|Q92979,7
P33121,40
P33260,37
P35498|O60939|Q07699,41
P36537,39
P48163,41
P56545,26
P61964|Q03164|Q9UBL3|Q15291|Q9C005,42
Q00535|Q96SW2,18
Q13951,35
Q14524|O60939|Q07699,41
Q96S38,24
Q9C000,42
Q9H2J7,39
Q9NY97,42
Q9P296,20
Q9Y2P5,42
P08865,19
P23471,17
P35226,32
P35568,22
P48730|P49674,41
Q13263,26
Q16719,14
Q5VV42,43
Q9UKL6,31
O14975,44
O43924|Q96SW2,19
O75311,22
O75828,15
P08047,39
P11802|P24864,34
P24941|P50750|Q96SW2,10
P28827,37
P50613|P40337,16
P58215,29
P60604,21
Q13480,22
Q9P275,44
P07998,27
P10997,31
P11230|P17787|P30926|P32297|Q05901,42
P12643,8
P17787|P30926|P32297|P30532,15
P35030,36
P37023|Q04771,4
P51161,11
P51580,43
P57771,42
Q00G26|Q8WTS1,45
Q13489|Q96SW2,21
Q14674,22
Q16478,40
Q8N371,44
Q8WTS1|O60240,45
Q96KS0|Q9NXG6|Q9GZT9|Q9H6Z9,23
Q9GZV9,36
O60259,40
O75844,38
P11474|P40337,16
P12259,18
P17936,44
P26718|Q29983,46
P26718|Q5VY80,46
P98170|Q96SW2,21
Q13535|Q96SW2,24
Q99707,43
Q99836,23
Q9Y263,42
Q9Y294,46
A0AVT1,18
O60885|O43791,11
O76074|P27815|Q08499|Q07343|Q08493,42
P11309|P32455,44
P23458|O60674|P29597,38
Q13164|P40337,24
Q15858|O60939|Q07699,46
Q93096,42
ENSG00000205571,18
O43426,27
P07437,27
P22760,9
P30291|P40337,8
P36222,31
P37088,47
P43235|O60911,48
P43490|Q96SW2,31
P49279,48
P59534,46
Q05586|O60391|Q14957,16
Q12840,46
Q13698,45
Q6VAB6,31
Q8N5K1,39
Q92560,48
Q96AC1,26
Q9BXS9,47
Q9H0E9,30
Q9H3N8|Q9Y5N1,26
O75475,26
O95456|Q969U7,17
P05106|P06756|P08514,49
P16070,35
P20594|P16066|P17342,38
P68106,45
Q01432,47
Q13153|Q96SW2,16
Q13547|O15379|Q9UQL6|Q9BY41,46
Q15750|P49116,49
Q99828,35
Q9BYT8,26
Q9NR82,38
Q9P2T1,49
O15440,34
O60551,50
P00395,48
P00533|Q8NC42,20
P04114,50
P04637|Q09472|Q92793,15
P05107|P11215,39
P11137,50
P17181,38
P23416,39
P32245|P33032,49
P35346|P30874|P31391|P30872|P32745,39
P35968|P11362,50
P45973,49
P54289|Q00975|Q02641,50
Q12772,31
Q92835,43
Q9Y259,47
O00625,25
O60674|Q96SW2,32
P15735|P46020|P46019|Q93100|Q16816,49
P20142,49
P20701|P05107,33
P40933,42
P42702,31
P51511,45
P55786,41
Q13003,44
Q3KNW5,51
Q93009|P40337,19
Q96CP6,17
Q96SW2|Q8N884,44
Q9BT73,19
Q9NYW0,13
Q9UBN7|P40337,20
Q9UM73|Q96SW2,11
Q9Y230,45
O94992,31
P04637|Q00987|Q96SW2,29
P09210,39
P17706|P40337,13
P25391,26
Q08881|Q96SW2,20
Q13094,48
Q13153|P40337,21
Q15306,50
Q8NFM4|O60503|Q08828|P40145|O60266|O95622|O43306|Q08462|P51828,49
Q93086,50
Q96PC2,49
Q99418,19
Q9NXJ5,51
O60760|Q96SW2,15
P05556|P53708,19
P22681,40
P36507|P40337,12
P54646|O43741|Q9UGI9,28
Q07817|O43521,50
Q07817|Q96SW2,36
Q08345|Q9BXW4|Q9GZQ8|Q9H492,18
Q15750,47
Q5VT66,28
Q6P1M0,53
Q8N5Y8,41
Q92990,53
Q96HI0,53
Q9Y5K2,43
O60885|P40337|Q15370|Q15369,11
P07900|P08238|Q96SW2,30
P13501,47
Q8NEZ4,47
Q9BXM7,37
Q9UNH5,46
Q9Y2D0|P35218,35
Q9Y570,33
O00329|P40337,18
O14965|Q9ULW0,37
O14983,45
O15055|Q49AN0,55
O95870,33
P02788,29
P04798|P05177,53
P16444,55
P35222|P15884,39
P42226|Q96SW2,19
P63104,30
Q14940,30
Q8TAX0,35
Q969V1|Q99705,51
Q99884,55
Q9NS87,32
Q9NYB0,31
Q9UI32,49
Q9ULZ9,32
Q9Y6W6,33
O00206|Q9Y6Y9,19
O75909|Q9NYV4|Q96SW2,8
P08254|P08253,53
P30926|Q15822,42
P49763,44
Q02241,53
Q14653,56
Q8IVT5,30
Q8NHB7,56
Q96NY8,56
Q9BQB4,32
Q9BSW2,56
Q9GZU1,19
Q9NRA2,35
Q9UKP4,50
Q9Y6F8,55
O60603|Q9Y2C9,33
P00742|P12259|Q8IWQ3,19
P02774,37
P21817,37
P53816,56
P56199,20
P59536,10
Q02750|P40337,12
Q14164|Q9UHD2,54
Q96SW2|P36969,37
Q9UM47,55
Q9Y5K5,40
P13716,43
P40189,46
P46952,19
P47870|P18507|P48169,16
P48730|P40337,11
P78348,22
Q08477,35
Q5TCX8,43
Q6NYC1,42
Q9NZI8,31
Q9UL19,57
Q9Y5Z0|P56817,56
Q9Y6Q9|Q96SW2,13
P0DJD9,58
P0DTE4,47
P17787|Q15822,31
P29992,53
P35520,31
P49840|Q96SW2,31
P62745,54
P63252,39
Q01196,17
Q16576|O14929,49
Q9GZZ1,23
Q9Y2I7|P40337,23
P01031,13
P18440,52
P21912,45
P25440|P40337,28
P42574|P55210,52
Q13627|Q96SW2,14
Q14694,50
Q15910|P40337,21
Q16543,25
Q8IYD1,55
Q8IZK6,38
Q96SW2|Q01973,30
Q9Y478,57
O14646,57
P12319,41
P20839|P12268,52
P21673,37
P37288|P47901,60
P63096|O14924,61
Q13342,54
Q6DHV7,37
Q9NRL2,37
Q9NWM0,29
O00462,56
O43598,47
O95239,54
P09488,48
P15374,52
P98170|Q07817,16
Q53EL6,58
Q8WTV0,59
O14640,23
P28329,63
P38571,32
Q07002|Q8ND76,58
Q14721,63
Q8NFI3,51
Q96FA3,54
Q99943,63
Q9H227,59
Q9NSI6,55
Q9NWZ3|P40337,25
O60741,41
O95278,51
P05162,48
P09668|P43235,64
P30405,43
P51531|Q96SW2,17
P52209,39
P54289|Q13936|Q02641,52
Q15554,60
Q16539|Q96SW2,27
Q6NS38,44
Q9BZX2,21
O75381,65
P00533|Q9GZQ8,22
P36873,32
P42338|P40337,9
Q16696,54
Q495T6,44
Q96AE4,37
O15550,41
O75884,26
P06756,63
P09601,51
P21462|P25090,26
P23470,54
P30518|Q9NS67,26
P50570,38
Q09472|Q14814,22
Q9HCN6,30
O95619,32
P01106|P61244,29
P06702,59
P06732,30
P15813,17
P16615,57
P31641,65
P34913|Q96SW2,19
P35968|P40337,26
P61964|P01106,56
Q86SG6,46
Q8TEK3|P40337,17
Q96KN8,56
Q9BVS4|Q9BV68,23
Q9NWW9,56
Q9UBU3,12
Q9Y6K0,50
P00533|P29279,34
P19801,66
P22310|P16662|O75795|P36537|P54855|Q9BY64|P06133|O60656|Q9HAW8|P0DTE4|P22309|P19224|Q9HAW7|Q9HAW9|P35503|P35504|Q6UWM9|O75310|P0DTE5,30
P23025,40
P50148,41
P61981,59
P05556|P17301,63
P14415|P50993,21
P32245|Q01726,69
P39086|Q16478|Q16099|Q13002|Q13003,62
P50993|P54709,21
Q6UWV6,69
Q9UGC6,6
Q9Y3Q0,61
O43741|P54619|Q13131,57
P06493|P24864,54
P12544,55
P29353,65
P49281,53
P99999,23
Q07075,69
Q14749,42
Q86YT5,34
Q9Y265,57
O00257,68
O75469|P40337,29
O75688,66
O94806|P17252|P05129|Q05655|P05771|Q02156|P24723|Q15139|Q04759,68
P07686|P06865,50
P0C869,50
P15309,53
P29597|Q96SW2,25
P43251,67
P62873|P59768,39
Q06124|P40337,23
Q15465,34
Q96SW2|Q86WV6,44
Q9BTU6,65
O15540,70
O95544,54
P19793|P43354,35
P23469,62
P49902,44
Q14004|Q9NYV4,41
Q96D31|Q13507|Q13586|P48995,36
Q99807,20
Q9UF12,26
P00519|P11274|P40337,30
P08754,37
P09086,37
P09471,37
P24855,73
P32322,63
Q6P2P2,46
Q96PH1,55
O14894,44
P02675,37
P29033,35
P49407,41
P49720,9
P50747,38
Q05586|Q14957,60
Q07820|P55957,69
Q86XE5,31
O15228,9
P13056,71
P46937|P28347,58
Q13619,46
O15056,32
O60674|P29597,56
P04053,70
P06865,22
P12821|Q9BYF1,61
P17066,69
P30939|P41595|Q13639|P28222|P46098|P08908|P28221|P28223|P28335|P28566|P34969|P50406|P47898|A5X5Y0|O95264|Q70Z44|Q8WXA8,50
Q6PCB7,74
Q86Y97,57
Q99504,14
O43148,54
P06493|P11802|P24941|Q00535|Q00534|P50613|Q00526|Q00536|Q07002|P49336|Q00537|P21127|Q96Q40|Q9BWU1|O94921|P50750|Q15131|Q14004|Q8IZL9|Q9NYV4,38
P11802|Q00534,23
P55011,43
P57789,46
Q07817|Q16611,68
Q96SW2|O60907,14
Q9UHD2|P40337,34
Q9Y4B6,49
P05023|P05026,23
P05026|P50993,23
P62805,70
P78527|P12956|P13010,36
Q05586|O15399,60
Q08050,26
Q96QA9,42
Q9BUB5|Q96SW2,32
Q9UKK3,60
Q00536|Q8ND76,69
Q07812,51
Q13686,54
Q99677,48
O60307,41
P33981|Q96SW2,16
P43235|P07858,79
Q16798,52
Q16828,52
Q9HC52,75
P28472|P48169|O14764,50
P28562,57
P51512,75
P54646|O43741|P54619,60
P68402,21
Q06830,49
Q13443,76
Q8TDX6,52
P09917|P20292,29
P16885,45
P35813,69
P47870|P18507|P31644,44
Q96D31|Q96SN7|Q9BRQ5,41
Q96MU7,62
P14867|P18507|P18505,38
P54707,82
Q2M385,50
Q4FZB7,62
Q9H0J9,64
O60885|Q9NXF7,15
P08648|P53708,28
P14410,78
Q14004|Q96SW2,47
Q6QHF9,51
Q92736,68
Q9BUL5,78
Q9NSA0,59
Q9UBR2,61
Q9UJQ4,52
Q9UM73|P06748|Q96SW2,36
O75330,7
P02489,11
P28161,84
P30837,61
Q9ULY5,55
O00560|P34741,78
O95644,61
P0DP23,53
P21802|Q96SW2,37
P49841|Q96SW2,39
P59538,22
Q9Y2Q3,28
O75832,63
P08253|P03956,87
Q9BQA1|P40337,33
O14920|O15111|Q9Y6K9,36
O96028|Q96SW2,25
P02787,56
P48544,29
P54687,72
Q07817|P40337,48
Q15078,34
Q8NB16|Q96SW2,28
O15297,74
P04746,82
P12429,51
P14635,85
P20916,72
P38646,60
P46939,81
P49662,70
P61024|Q13309|P63208,89
Q06520,39
Q13547|O15379|Q9UBN7|Q92769,29
Q14451,26
Q16831,37
Q9NRW4,79
Q9UHH9,66
Q9ULH1,89
O95817,60
P06756|P08648,33
P19021,44
P24941|Q96SW2,46
P31645|P23975,83
P61956,47
P98170|Q13489|Q13490,30
Q12923,79
Q15393,19
Q9UBS0|P23443,88
O00444|Q96SW2,31
O43868,69
O76074|Q14432|Q13370,76
P00740|P00742,90
P17787|P32297|Q15825|Q05901,38
Q8N3A8,86
Q8TDQ0,75
Q9NQV7,57
Q9UNU6,90
Q9Y286,70
P06734,88
P17302,69
Q15120,74
O14924,93
O94907,68
P00387,51
P32297,73
P38936,37
P27487|Q9UHL4,91
P54098,72
P54652,47
P55058,46
Q01538,54
Q14697,30
Q16820,90
Q9Y657,40
P01721,45
P0DPH7|P68366|Q71U36|P68363|Q9BQE3|Q6PEY2|A6NHL2|Q9NY65,39
P14859,45
P22059,56
P26447,91
P26639,34
P49789,45
Q04844,81
Q96GX5,46
Q9NR71,51
O00142,78
P08514,52
P25774|P43235,95
P27169,69
P52789,60
P53041,63
Q16773,49
Q5MY95,73
Q92547|P49760|Q13535|Q8WXE1,17
Q9BY41|P40337,41
P19793|P55055,68
P27987,97
P43378,95
P49842,46
P51530,38
Q8TCT1,72
Q92769|P40337,43
P11766,91
Q9Y232,64
O95602,76
P11586,77
P13995,83
P14174|P04233,91
P48651,97
P67870|P19784,93
Q8WWQ0,75
Q96SW2|Q9UKS7,66
Q9HCP0|P78368|P48730|P49674|P48729,95
Q9UBE0,49
P06400,51
P15086,100
P32320,60
P56696,72
P61244,58
Q14534,90
Q96Q15,59
Q9Y6N5,63
O00411,83
P06858,71
P29375|Q9UGL1,88
P47870|P18507|P34903,71
P61964|P40337,28
P62753,53
Q16548|P55957,101
Q96K76,80
Q9Y3Q4,84
P31751|Q9Y243|P31749|Q96SW2,32
P36507|Q02750|P40337,26
Q7Z2H8,52
Q9H300,60
Q9NYV7,27
O76074|Q13956|P18545|P35913|O43924|P16499|P51160,101
P05187,85
P41252,80
Q08188,95
Q9NR21,69
Q9NWT6,96
Q9UBX1,73
O95461,99
O95864,101
P10415|Q96SW2,45
P18146,72
Q16647,96
Q9NRC8,71
O95436,100
P13500,73
P43235|P07711,100
O15379|O75376,84
Q9HAW7,72
O43511,59
O76074|P54750|Q01064|Q14123,93
P00558,99
P25054,78
P30518|P37288,107
Q07108,61
Q13946|Q9NP56,97
Q9NPI1|P40337,33
Q9NYQ3,54
P09429,80
P19235,61
P40933|Q13261,71
Q9UK17,96
Q9UK80,31
Q9Y6K1|Q9UJW3,66
O60706,56
O75355,86
P18507|P28472|P48169,90
P25440|Q96SW2,35
P80370,95
Q13085|O00763,104
Q9H492,62
Q9NNX6,61
P53609,106
Q01433,68
Q12797,57
Q14004|O75909,98
Q14332,25
Q9UHJ3,80
O43151,74
P07996,47
P19440,71
P50225,42
Q01860,46
Q13547|P40337,45
Q8N8U2,108
O14744|P40337,40
O95050,71
P36888|Q96SW2,37
Q96SW2|P41182,47
Q9BW19,85
Q9NQ90,44
Q9NYV4|Q96SW2,74
Q9P0M4|Q8NFR9,98
Q9ULD8,111
P11926,71
P49585,113
Q01718,65
Q13332,65
Q2L8D9,31
P16435,64
P17787|P43681|P30532,52
P46721,73
Q08211,34
Q969D9,69
O14874,56
P01730,95
P28702|P48443|P19793,51
Q13133|P55055,107
Q13155,76
Q6IQ20,114
Q9H2X3,82
P00742|P08709,116
P14867|P47870,47
P37231|P19793,57
Q14654,114
Q9UBE0|Q9UBT2|P63279,112
P14416|P35462|P21918|P21917|P21728,99
P26927,53
P27540|Q99814,117
P32754,113
P49961,92
Q96C86,80
Q9Y5L3,86
Q9Y6Y9,37
P0DUB6,70
P15104,34
P29401,70
P41595|P28335,114
Q8IVV7,76
O15393,73
P11309|Q9P1W9|Q86V86,104
O43791,60
O75084,38
P14416|P28223,93
P23415|P48167,51
P37231|Q03181,113
P49356,48
Q15633,80
Q8IYL9,112
Q99489,90
Q9NSD5,94
Q9UNW8,50
P01911,56
P08581|Q96SW2,30
P40925,117
P61077,71
Q9NYK1|Q9NR97,25
Q9ULW8,71
P02708,96
P17174,110
P01308,42
P10599,60
P23458|O60674,73
P32245|P41968,114
P35913|P16499,41
Q15131,104
Q96PN6,60
Q9Y4C1,111
P05412|P01100,84
P50148|P29992,107
Q15125|Q9UBM7,68
Q8NBP7|Q9GZQ8,19
P20273,90
Q13564,59
Q9BY41|Q96SW2,53
P14550,102
P46093,104
P49773,65
Q9H8M2|P40337,39
P16499,125
P42263,73
Q13547|Q9UBN7,4
Q86W10,41
Q92570,59
Q9BPW0,126
Q9UBZ9,27
O60880,62
P08253|P45452,124
P35228|P29474,112
P35348|P25100,123
P51812|Q9UBS0|O75676|Q15349|O75582|P23443|Q9UK32|Q15418,83
Q15059|Q96SW2,39
Q8NA19,99
Q92947,35
P06493|P30281,43
P07992|Q92889,97
P08238|Q16543,98
P11802|Q96SW2,57
Q8TB45,30
Q99497,57
Q9NXG6,94
O00470,46
P51659,121
Q8IV61,90
Q8TBC4,127
Q96Q83,100
P00918|P43166|P00915|P07451|P23280|O43570|Q9ULX7|Q16790|P22748|Q8N1Q1|Q9Y2D0|P35218,124
P21549,21
P51149,31
Q92843,112
P02511,44
P07306,31
P30291|Q96SW2,43
Q8TDS5,83
Q9H8M2|Q96SW2,54
P07686,76
P38919,81
Q2NL67,62
Q6IQ55,124
P35575,115
P41440,68
P42568,68
Q14242,132
P01116|Q96SW2,38
P09172,86
Q00796,119
Q96G91,84
Q9H237,95
Q9UKS7,55
P01275,122
Q07820|Q96SW2,22
Q9NS75,120
Q9NSE4,135
Q9Y6E7,70
O15120,126
P37231|Q07869|Q03181,85
Q9ULI0,115
O76082,77
P03372|P40337|Q13617,37
Q15717,65
Q99594,86
P02452,93
P08253|P14780,137
P17342,115
P35348|P08913|P18825|P25100|P35368|P18089,103
P40313,40
Q05209,132
Q9HC62,80
P06133,96
P14867|P47870|P28472|P48169|P34903|P18505|P47869|P31644|Q16445,97
P16152,46
P61586|P08134,35
P62136,134
Q9H5J4,131
Q96CX2,65
P18510,105
P49336|Q9BWU1,82
P56730,142
Q15047,116
Q8N6T7|Q96SW2,40
Q9UM73|P06748,91
O14788,62
O75116|Q13464,128
P03372|P40337,54
P46019,130
P49354|P49356|P53609,138
Q15758,77
Q9UP38,60
P46089,58
P56703,82
Q3MIX3,143
Q9H255,26
O60427,137
P00734|P00742,140
P14151,134
P18669,99
Q15125,129
Q6UWR7,107
Q9NQW7,111
O95180|P54289|Q13936|Q8IZS8|Q13698|Q9NY47|Q01668|O00555|Q00975|O43497|Q7Z3S7|Q9P0X4|O60840|Q15878|O00305|Q08289|Q02641|P54284|P62955|Q9UF02|Q9Y698|Q9UBN1|Q8WXS5|O60359|Q9BXT2|Q06432,129
P01112,115
P05230,126
P10827|P10828,127
Q16762,136
Q9BW60,82
P08684|P20815,105
P36956,104
Q05397|Q96SW2,56
Q92918|Q96SW2,63
Q96L73,102
O95235,40
P05198,86
P14207,64
Q05BQ5,121
Q99460|P49721|P20618|P28074|P28062|P28065|P28072|O00487|P25786|P25787|P25788|P25789|P28066|P60900|O14818|Q8TAA3|P40306|A5LHX3|P49720|P28070|Q99436|Q16186|P35998|P62191|P43686|P62333|P17980|P62195|Q13200|O43242|O00232|O00231|Q15008|P51665|Q9UNM6|P55036|P48556|P60896,69
P61964|Q03164,119
Q13118,45
Q13557|Q13555|Q13554|Q9UQM7,142
Q86VZ5,116
P08263,90
P47929,130
P51160,132
P09874|Q9Y6F1|Q9UGN5,96
Q9UBS0,115
P01024,70
P07949|Q16204,96
P31751|Q9Y243|P31749|P40337,66
Q99623,57
Q9UGI6,84
O00400,145
O15379|P40337,69
O75751,101
P08253|P14780|P22894|P45452|P03956,150
P51787,113
O15121,57
P30085,140
P30926|P32297|Q15825,67
P45452|P03956,149
P51692,141
Q01118,96
O15392,64
P04180,148
P59540,24
Q08752,71
Q16850,87
Q9HBH9|Q9BUB5,129
Q9UQ07,65
O94921|Q8ND76,148
Q8IV63,156
Q96D31,118
Q9BPX1,55
Q9NS67,63
Q9P0G3,93
A5PKW4,140
P10415|Q14457,52
Q01973,122
P15085,115
Q6PIU2,128
Q9BYW2,115
ENSG00000207827,159
P19793|Q13133,104
Q93088,57
P04049|Q02750,157
P49116,81
Q9BTU6|Q8TCG2|Q9UBF8|P42356,93
P12955,127
Q01970,159
Q96FW1,75
Q9H999,121
V9HWB9,93
P46531,135
P48061,142
Q12888,133
P04439,160
P29122,157
Q04756,142
Q96CA5,67
O43463,133
P17787|P32297,130
O95622,133
Q9H1D0,103
O60885|Q96SW2|Q16531,71
P08684|P20815|Q9HB55|P24462,107
Q07973,98
Q14957,87
P22735,164
Q5VTY9,61
Q969H4,72
Q9UM73|Q9HC35|Q96SW2,37
P22392,78
Q6SZW1,81
Q8NB16,99
Q9ULC6,101
P04637|O15151,148
P29475|P29474,156
P78417,115
Q13956|P18545|P35913|O43924|P16499|P51160,155
Q8NB78,144
Q9HBH1,141
P00519|P42684,162
P07288,132
P11802|P24385|P30281|P30279,160
P20701,119
P35580,169
Q00534|Q96SW2,69
Q7L2E3,170
O94953,119
P19438,162
P45974,126
Q8IW41|Q16539,24
P08172|P08912,164
P23919,103
P63096,109
Q13547|O15379|Q92769,76
P07550|P13945,153
P23921,85
P43490|P40337,39
O00754,57
P28482|Q16539,24
Q9BXA5,115
O00398,66
P00441,106
P00734|P08709,162
Q15046,156
Q8NFU7,85
P04632|P07384,175
P48066,131
Q8TDU9,66
P51878,97
Q96S53,175
Q96T88,141
Q9P2J5,131
Q9UPN9,157
O00421,157
P32248,125
Q08462,126
Q13887,175
Q8IZX4,120
P46092,142
P54855,144
O60841,173
Q9ULD4,125
O60235,76
P28838,164
P46937|Q15561,39
Q03405,120
Q9ULC5,181
Q9Y2J8,122
O75365,109
Q9H4B7,168
P40926,137
P12004,66
P38117,183
P49366,102
P56470,75
Q9NR63,56
Q9UGP5,104
O00264,182
P01130,158
P07949|P33176,152
P49888,55
Q12778,96
Q6P5Z2,172
P12821|P08473,59
P16066,182
Q16348,91
Q99732,62
Q9H7M9,144
Q9Y2W1,179
P07741,186
P09038,151
P27694,152
P28223|Q14416,17
P04792,97
P30542|P29275|P29274,171
P56192,101
P25963,91
P30086,188
P34903,133
P04899,182
P15328,105
Q14397,156
Q9NTK5,189
Q9UBN7|Q96SW2,62
P14091,153
P17655,175
P32302,169
P61586,118
O95263,187
P18031|Q96SW2,36
P40763|Q96SW2,64
P51788,59
Q8NCG7,70
Q6ZWH5,187
P47870|P18507|P47869,135
Q8NHU3,148
P49589,189
P61024|Q13309,91
O14793,131
O60602,189
P37231|Q07869,95
O75795,93
P11217,167
P14416|P21728,183
P80404,110
Q6N021,98
O15382,141
P07202,69
P51787|P15382,161
Q15067,197
Q8TDX5,79
Q92800,132
Q96J92,171
Q9NXS2,151
P08588|P13945,176
P0DMS9,183
Q86XP3,199
P07355|P60903,92
P08151,109
P15907,78
Q92876,112
Q9UBS5,191
P0DMV8,134
P24941|P78396,187
Q5JRX3,59
Q8N2K0,156
Q96PN8,184
Q92551,191
P50336,118
Q92508,35
Q9P2R7,206
P68371|Q9H4B7|Q13509|P04350|Q3ZCM7|P07437|Q13885|Q9BVA1|Q9BUF5|A6NNZ2,119
Q5TCY1,158
P08240,209
Q15562,144
Q6P2M8,187
Q92905,129
P18848,98
P24158,176
P19320,196
P46937,59
P60953,103
Q16654,167
Q9NX46,52
O15294,124
P09871,203
P17707,183
P52333|P23458|O60674|P29597,154
Q01959|P23975,174
Q05586,141
Q709F0,214
Q7Z406,217
P01116|P40337,63
O43194,89
P42575,130
Q13507,134
Q9UHC3,128
P00519|P11274|Q96SW2,100
Q5HYI8,218
P20839,184
P04626|P00533,172
Q9NZ45,119
Q9UBC3,164
O15496,168
P49959,79
Q6JQN1,220
Q9NVM4,169
Q96B36,89
Q96SW2|Q9UKT9,125
Q99895|P17538|P40313|Q6GPI1,199
Q9UPY5,129
P04626|P00533|Q15303|P21860,157
P13726,200
P35503,124
P40337|Q96SW2,15
Q9UPC5,169
P51159,225
P63000,118
P19224,154
Q01813,226
O15305,182
O94788,190
P00519|Q13671,229
Q14683,223
O75936,125
P00736,122
P24941|O96020,45
Q07820|Q13794,42
P02743,18
P08173|P08172,224
P15170,157
P41229,199
Q9P0J0,230
Q13126,122
Q9BZE4,231
Q9HAW9,153
O60240,233
P20340,232
P24468,234
P78352,85
Q9NQR1,174
O00443,199
P24046,136
Q96NT5,60
Q460N3,170
Q58FF8,235
Q9NPI1,130
P11142,183
P08865|P42677|P62753|P15880|P23396|P61247|P62701|P22090|P46782|P62081|P62241|P46781|P46783|P62280|P25398|P62277|P62263|P62841|P62244|P62249|P08708|P62269|P39019|P60866|P63220|P62266|P62847|P62851|P62854|P62979|P62857|P62273|P62861|P39023|P36578|P46777|Q02878|P18124|P62424|P62917|P32969|P27635|P62906|P62913|P30050|P26373|P40429|P50914|P61313|P18621|Q07020|Q02543|P84098|P46778|P35268|P62829|P62750|P83731|P61254|P61353|P46776|P46779|P47914|P62888|P62899|P62910|P49207|P42766|P18077|Q9Y3U8|P83881|P61927|P61513|P63173|P62891|P62945|P05388|P05386,101
P28336,216
P34972|P21554,230
P37231|Q9Y618,239
Q5JUK3,151
P08588|P07550,189
P61026,238
Q15910|O75530|Q15022|Q09028,79
Q9NYV8,166
P06881,137
P08574,239
P22612,235
P26196,240
P30419|O60551,101
P61158,238
Q15788,241
P07949|Q16204|Q96SW2,66
P33991,237
P55211,163
Q96D31|Q13586,197
P55157,193
Q8N474,111
Q9Y6Q9,242
Q9BX84,233
O95347,243
P09668,169
P49748,243
Q05823,152
P30939,176
Q15056,226
Q9UHD8,244
O15254,245
O60313,245
P43686,245
P49411,245
Q49AN0|Q16526,244
Q6ZSR9,245
Q9UGJ0,245
O15357,129
P18074,245
P31689,247
P39877,224
Q9NU22,240
O00182,152
P13861,248
P14902|Q96SW2,86
P30542|P29274,242
Q05932,116
Q09470,206
Q9NSD9,244
O95718,172
P23945,160
Q86TW2,245
Q99519,136
P12236,244
Q00987|Q96SW2,61
Q96GD4|Q9NQS7,219
Q9ULC4,82
P09884,199
P41250,246
Q9Y466,139
P42285,246
P62826,247
Q8TCC7,151
P28715,126
P48058,154
Q92499,249
P20309|P11229,233
P42345|Q6R327|Q9BVC4|Q9BPZ7,192
P47211,157
P54619,256
Q05193,252
Q6V1X1|Q86TI2,59
Q9H0A0,248
Q9HCG7,202
Q9Y2K7,157
P05141,249
P05981,214
P30542|P29275,255
P05362,200
P40306,174
Q12830,148
P17538,188
Q8IU80,222
P18858,202
P50750|O75909,218
P01106|P61244,171
P31939,208
Q9NZQ8,182
Q16881,112
Q96JM7,126
Q9HAW8,159
O00574,74
O14867,5
P54819,253
P57058,250
P61160,258
Q07889|Q96SW2,80
Q9GZT4,185
P09874|Q96SW2,58
Q8WWR8,134
P51589,157
Q6B0I6,175
Q76MJ5,261
P06493|P20248,194
Q14839,263
Q15910|Q96SW2,45
P00734|P07477|P07478|P35030,257
P0C264,252
P19367,264
Q8WYB5,94
Q96Q40,253
Q9HCE7,118
Q15750|O43318,266
Q9Y2H9,248
O60755,272
P08185,54
P48065,102
O00764,261
P47869,189
Q16881|Q9NNW7|Q86VQ6,124
P04839,155
P63316|P19429|P45379,276
Q8WU08,262
O94760,91
P10323,259
P30519,272
O14717,71
P50750|Q96SW2,106
Q4U2R8,148
Q9UBS5|O75899,157
P30926|P43681,155
P54577,276
Q8TE23|Q7RTX0,179
P54646|P54619|Q9Y478,172
P41595|P28223|P28335,242
P40818,175
Q07889|P40337,60
Q96P65,175
O75311|P48167,213
P24530|P25101,261
P00558|P07205,252
P17948|P35916|P35968,275
P25025|P25024,242
P17812,268
P36639,165
P35348|P35368,210
Q6XUX3,271
P00918|Q16790,236
P11274,270
Q6ZN16,258
P18433,223
P23458|P29597,179
P13612,182
P22310,204
Q15661,267
Q16572,250
Q9UKT9,171
O60658,258
P20794,273
P30307,239
P98170|Q13490,99
Q15392,277
Q52WX2,276
Q8TDR2,270
Q9NPC1,153
O95696,172
P32929,147
P27815|Q14432|Q08499|Q07343|Q13370|Q08493,201
Q7RTN6,270
P49768,138
P60842,136
O43283,279
Q9NR22,261
Q02790,241
Q9NWZ3|Q96SW2,149
Q16552,117
Q8IVW4,273
Q9Y2I1,202
O95665,270
Q9BV86,123
P48449,194
Q92934,186
Q969V1,298
P00403,198
O00481,73
P30531,217
Q96SW2|Q13422,204
O43924,215
P00533|Q96SW2,78
Q9NSD7,149
P07148,140
P0C1S8,276
Q13133|P55055,124
P30838,187
P35354|P23219,299
P35462|P21917,270
P48058|P42263|P42262|P42261,208
P04066,179
Q8NFD2,263
Q9BYF1,220
P22234,312
Q9UIF9,224
P16233,209
P26599,115
Q96S44,281
O95838,205
P34981,275
Q8TDD5,281
P04278,179
P31152,263
Q9UPP1,136
O60911,252
P30550,294
Q9BZ95,176
Q6ZQW0,140
Q99986,276
Q9Y6F1,206
O75643,295
P42356,243
Q14654|Q09428,139
Q8NEV4,270
Q96T60,73
Q9Y6A2,211
P51575,201
P56937,191
Q9NRH2,292
P40145,181
P48729|Q96SW2,133
P57078,302
Q13422,257
Q8IY84,305
Q9BZJ3|Q15661|Q9NRR2,308
P29275|P0DMS8,310
P68871,273
P47895,209
Q3SYC2,264
P37268,315
Q92772,294
Q9H6Z9,178
O60894|Q16602,182
Q16658,215
P03372|Q96SW2,145
P13807,150
P35626,280
Q9Y587,112
P16278,198
Q15743,94
Q8N752,289
O15455,290
O75908,250
P28065,218
P39086,278
Q12879,153
Q9NRP7,267
P28222|P28221,254
Q9UHC9,259
O14638,249
P14598,149
P35590,284
P31751|Q9Y243|P31749,192
Q6P6C2,201
O60656,202
P24864|O96020|Q00526,185
P41586,164
Q9BRS2,287
Q13523,291
P49019,286
Q96D53,276
Q9C098,289
O14936,283
Q9Y618|P41182,139
O00429,87
P52333|P23458,229
P35790,258
O60733,183
Q86U44|Q9HCE5,301
O95931,300
Q9Y337,226
O14730,278
O14843,228
Q9Y256,299
P10809|P61604,257
O60218,207
P00533|P40337,85
P18507|P28472|Q16445,241
O15303,287
Q9NPH5,238
O43603,209
Q96LB2,200
Q9H4A3,282
O00222,288
P28300,152
Q9BXC1,113
Q13002,211
Q99538,260
P0DMS8|P29274,302
P35498|Q99250|Q9NY46,212
P14416|P21917,284
P20393,170
P32298,332
O14672,232
P23284,149
Q9NY46,230
Q8WXD0,370
P51965,123
Q7Z601,224
Q8WXR4,309
P09238,316
Q9UL62,305
Q9Y3R4,233
P00492,324
P22607|P11362|P22455|P21802,283
P35222|P56704,128
P56524|Q14814,128
P98170|Q13489,128
Q9H2K2|O95271,236
P22888,277
P27037,322
O15229,215
P51532|P40337,141
P81172,237
Q9NYW2,329
P05023|P14415|P05026|P50993|P54709|P13637|Q13733|P54710,359
P17516,355
Q00613,174
Q56UN5,321
P23921|Q7LG56|P31350,205
Q9GZQ4,236
O43526,218
P42229,224
P51685,294
O60563,371
O94921,314
P21397|P27338,232
Q9NY57,330
Q9UQ88,292
Q9Y6L7,393
O60678,298
P34896,121
Q9H7Z7,317
Q9UQ49,252
Q15109,252
Q99755,328
O43897,397
Q13324,381
Q6P3R8,334
Q9NY59,172
Q9UEW8,350
Q9HB89,244
P08397,402
Q04760,274
P23415,160
Q9BXC0,238
Q07002,310
O94759,252
P06756|P26012,249
P21964,274
Q92698,409
P05231,144
P05556|P06756,253
P21127,297
Q9UGM1|Q9GZZ6,278
P30988|O60896,168
Q9H1C0,223
Q96LA9,316
P31645|Q01959,317
Q7Z5P4,347
Q86VL8,271
P04156,378
Q86UX6,344
Q13489,240
O60331,392
Q14654|O60706,119
Q9P0X4,360
P32418,388
O15554,187
P27986|P42338|P48736|P42336|O00459|O00329|Q8WYR1|Q92569,430
O00214,229
O76039,378
P05412,298
P11150,428
Q03111,190
O95822,281
P19174,264
Q13304,216
O14939,315
P05413,259
Q9UF33,341
P00488,252
Q12931,264
Q86YV6,336
O94782|Q8TAF3,223
P22314,168
P48549|P48051,222
P55899,208
Q99895,350
O14786,247
P51531|P40337,142
Q13510,298
O00571,408
P10398,415
Q00532,413
P16455,187
P41235,389
Q8WTS6,320
O60885|P40337,95
P27986,336
Q16873,180
Q8TBC4|Q13564,266
Q6P179,413
P14672,440
P49683,309
P19634,346
P21860,359
Q9HCT0,407
P22309,253
Q12908,395
Q15561,210
Q9Y6K1,256
Q92793|Q96SW2,101
Q09472|Q92793,292
Q15149,156
Q06278,276
Q08828,281
Q13285,411
Q01650,144
Q13393,331
O00487,447
P10275|P40337,141
P34897,326
O75356,162
P08684|P04798|P33260|P20815|P05177|P78329|P11712|P51589|P33261|P10632|P10635|Q02928|P20813|Q16678|P11509|Q9HB55|P05181|P24462|Q8TAV3|Q08477|Q16696|P98187|P20853|P24903|Q6VVX0|Q96SQ9|Q7Z449|Q5TCH4|P13584,330
P11216,388
P36507|Q02750,275
Q93008,287
O43526|O43525,315
P00390,316
O15244,196
Q16548,256
Q02779,385
Q9HBW0,291
P11168,481
P78356,390
P04070,411
P21675,286
Q53GL7,264
O95747,444
P20648|P51164,336
P51843,492
P67870|P68400|P19784|Q8NEV1,367
Q09472|Q96SW2,123
Q96FL8,293
Q9BXF3,283
Q9BWU1|P24863,349
P05121,380
Q96LB1,146
Q9H9B1,287
P02708|P07510|P11230|Q07001,301
P10144,196
P36969,291
Q92523,492
Q9Y5X4,483
P19971,296
P41279,428
Q5TC84,430
P32239|P32238,406
Q05469,369
O75747,390
O75106,173
O60341|Q9UKL0,366
P23786,499
P33316,381
P42345|Q8N122|Q9BVC4,295
O43174,257
P09619|P16234,478
Q9H1R3,406
Q02224,115
P50416,503
P51532,370
Q15119|Q15120|Q16654|Q15118,452
Q9UKI8,397
Q9UBU7|O00311,350
P08648|P18564,174
P11169,519
Q99527,147
Q9BV23,322
Q32MK0,453
P0DUB6,369
P09211,362
Q9Y5S8,326
Q15835,390
Q9NRG4,223
P20815,312
O15197,446
P11086,291
Q8IWU9,141
Q16740,357
Q9NR19,424
P27707,387
Q9UPZ9,467
O60603|Q15399,285
P42226,337
Q13547|O15379|Q92769|Q9BY41,204
P22102,189
P40238,371
P43005,317
Q9HCR9,455
Q9Y2T5,374
Q9UBY5,323
P25089,550
Q9NRS4,81
Q6DT37,450
Q9NR48,514
O95069,264
P41145|P41143|P35372,285
Q12791,416
P14222,388
Q96LA8,381
P42785,472
Q9H773,479
Q8N5S9,449
Q9BWU1,494
Q6UWP7,114
Q8NET8,517
Q9GZQ6,250
Q96GG9,310
P16109,392
P14625,411
O94956,312
Q9Y4D2,373
O14791,587
P40261,360
P48546,550
O95382,470
Q9Y2I7,309
Q14654|O60706|Q09428|Q15842,325
P35499,448
O60725,440
Q8NI60,477
Q99523,138
P54829,511
P51582,442
Q13705,484
Q15569,491
Q9BYP7,403
P05091,375
Q15208,509
Q7Z5W3,325
Q00537,452
Q96SW2|P15170,283
Q96NX5,509
P22736,463
P53582,465
P32249,347
P35222|Q9NQB0,334
Q9Y5X5,267
P30304,457
P43003,306
Q969F8,337
P35398,414
Q13547|Q92769,558
Q96IY4,395
Q9Y2H1,443
P43004,343
P63165,325
Q00526,497
P14416|P35462,532
Q04828,491
P46098|A5X5Y0|O95264|Q70Z44|Q8WXA8,467
Q06187|Q96SW2,223
Q99250,341
Q04206,448
Q6PL18,422
Q9Y616,505
Q14330,213
O14980,348
P15289,652
P22830,645
O60760,437
P13612|P26010,537
Q59H18,516
Q99549,587
O15245,339
P30419,531
Q92753,488
P62993,458
Q14973,283
P07195,498
P22694,527
P54750|Q01064|Q14123,471
Q9Y3S1,432
O00748,392
Q9Y6R4,505
P07099,537
P42892,526
P23743,161
Q13233,558
Q2TB90,438
P06730,472
Q02153|O75343|P33402|Q02108,620
Q13418,453
Q7RTX0|Q7RTX1,321
Q99759,538
P00813,274
Q9UM73|Q9HC35,144
O75417,629
O00506,561
Q9BVS4,519
Q01453,695
Q9Y345,629
P31644,620
P29475|P35228,609
Q99788,465
P48145,560
P45983|P53779|P45984,565
Q13451,324
P60891,238
P20309|P08172,676
O15438,661
P04054,615
Q8NG66,513
Q13873,561
Q9Y5Y6,562
O75530|Q15022|Q6ZN18|Q09028,229
O14578,578
Q9NP59,484
P09923,565
P10145,540
P10586,641
P16581,533
Q9NRM7,579
Q9Y2U5,557
O00482,380
P08709|P13726,625
Q9P0U3,456
P30536,486
P51531,562
Q9H093,577
Q9BQI3,558
P41587,213
O43451,576
P06756|P18084,501
Q13936|Q13698|Q01668|O60840,505
P37231|Q15596,749
P37231|Q15788,749
P37231|Q9Y6Q9,749
Q9NZ08,595
P46734,560
Q8IYT8,522
Q8TEK3,451
P20701|P05362|P05107,588
Q9Y210,210
Q9Y251,495
Q16581,286
P18405,551
Q05940,238
P27361|P28482,555
P09382,417
Q9NSY1,579
P19525,557
Q16739,341
O15439,708
Q14831,380
P35222|O00512,352
Q07889|P01116,388
P16662,284
Q14004,522
P11413,729
Q13163,586
Q14832,352
P07451,449
Q16665|Q99814,440
P11474,418
P49840|P49841,718
P04183,373
P28223|P28335,723
P08236,544
Q9Y2K2,659
P41180,675
P08913|P18825|P18089,495
P37058,377
P32247,381
P41145|P35372,607
Q9NPC1|Q15722,375
Q99571,431
P29350,610
Q86U86,272
Q9UIK4,550
P47712,601
Q86Y07,559
P40225,411
P42679,777
P48443,490
Q8IVH8,670
P14735,491
Q8N6T7,448
Q15077,589
Q14393,279
P09936,222
P35222,315
Q9GZN0,435
P49354|P53609,721
O15151,745
Q92934|P10415,129
O15379|Q9Y618,630
P08686,541
P43351,701
Q8TD08,648
P49721|P20618|P28074|P28062|P28065|P28072|P25786|P25787|P25788|P25789|P28066|P60900|O14818|Q8TAA3|P40306|A5LHX3|P49720|P28070|Q99436,482
Q08493,358
Q9UBE0|Q9UBT2,474
P48549|P48544,395
P23921|Q7LG56,269
Q8TBX8,658
Q9GZQ8,355
P14679,567
P42262,458
P00751,197
Q92934|Q07817,146
P00491,439
Q9BYT3,600
P35610,678
P69905|P68871,214
P62508,392
O75173,476
P07237,487
P31941,839
P29322,598
Q9H422,624
P35236,743
P15144,715
Q9NRM7|O95835,289
P51684,550
P28566,834
O94768,591
O60885|Q96SW2,224
Q9C0B1,532
P78362,583
P16083,672
P23526,353
Q00536,694
Q8N884,510
P28062,650
P52895,763
P10619,906
Q9NZJ5,480
P06493|P14635|Q8WWL7|O95067,759
P09958,765
Q00975|Q02410,451
P46059,403
Q86UE8,631
Q8N1Q1,464
P41145|P41143,692
P31213,757
P28347,382
P34949,733
Q9UHP3,307
P43354,380
P04406,856
Q96T53,368
P27986|P42338,900
Q05586|Q12879|Q13224|O15399|O60391|Q14957|Q8TCU5,681
P51570,568
P08709,795
P40337|Q15370|Q15369,204
P18507|P28472|P47869,644
Q9NR20,930
P35348|P25100|P35368,798
P54619|Q9Y478|Q13131,519
Q6GQQ9,203
P54762,650
Q05586|Q12879,567
Q16512,719
P48039|P49286,483
Q02880,559
P67870,926
O95551,666
Q9UJM8,336
Q86X55,588
O95243,976
Q53HV7,976
Q969S2,976
Q9UIF7,976
Q9Y4P1,665
P14867,489
P28702,540
P17861,996
P51956,700
P49862,640
Q09013,664
P23280,576
P22694|P17612|P22612,901
Q6PHR2,690
Q9BZP6,317
Q14994,371
O95749,461
Q13231,323
P13051,1003
P29372,992
P42261,381
Q96KB5,977
P14867|P47870|P18507|P28472|P48169|Q99928|Q9UN88|P34903|O00591|O14764|Q8N1C3|P18505|P78334|P47869|P31644|Q16445,774
P23141,686
Q9GZU7,1020
Q15391,659
P14867|P47870|P18507|P47869,725
Q96FI4,996
P30556|P50052,934
O75716,789
P06737,818
P42224,752
Q8N5Z0,348
P78549,996
P30542|P0DMS8,962
Q58F21,428
P49721,730
Q14790,888
P11802|P30281,658
P29275|P29274,870
P24864|Q00526,622
P51957,986
Q9GZR1,993
P51946|P50613,627
O15075,968
P10827,673
P20618,657
O43451|P10253|P14410|Q2M2H8,863
P14555,627
Q9UL54,765
P05556|P08648,576
Q9UBE8,751
O15527,1009
Q06609,438
P80192,789
Q969S8,670
P54578,368
Q13569,1031
P30305,863
Q9Y2D0,756
O15054,393
Q5VWK5,852
Q9H2K8,809
P53671,838
Q13164,750
O94806|P41743|P17252|P05129|Q05655|P05771|Q05513|Q02156|P24723|Q15139|Q04759,707
P20309|P08173|P11229|P08172|P08912,593
Q9BQF6,998
Q15375,763
O00206,695
Q13085,710
Q15831,787
O60603,753
Q96RU2,344
Q9Y271|Q9NS75,826
P51686,402
Q9NYV4,538
P41231,662
Q01469,550
P80365,1031
Q09472|O14929,379
P21709,815
P51452,901
P09237,1008
P05089,429
Q9NYY3,899
O14727,650
P62937,575
Q96KS0,619
Q92887,880
P54756,810
P09467,817
O14733,923
P08588|P07550|P13945,741
Q16659,627
Q9Y572,743
Q13946,1053
Q16816,765
Q9HBA0,776
P01106,1079
P01111,384
O95352,240
Q13370,611
P35354|P23219,930
P10696,893
P14324,555
P18507|P28472|P34903,748
P43681,1252
Q02083,517
P25098,996
Q15722,701
P14867|P47870|P18507,726
P60568,472
Q9NPC2,421
Q9Y6E0,786
P23946,876
P13497,834
O14976,856
P28907,645
Q13490,833
Q13574,244
Q9NZQ7|Q9BQ51,427
P07384,1003
Q9NP56,503
P55212,1104
P06276|P22303,1139
P34947,899
Q9Y2R2,733
P35218,924
Q86U44,1108
P45985,710
P39900,1056
P98073,722
P12268,1181
Q02153|Q02108,423
Q99640,740
P43119,962
P11229|P08172,668
Q13093,556
P11388|Q02880,855
P26358,922
Q9ULX7,947
P18507|P28472|P31644,807
Q04609,675
O43781,1246
Q13258,1022
Q8WUI4,938
P50391,348
Q9NXA8,860
P30530|Q12866,449
P22460,1151
P10275|Q96SW2,298
P13631,745
P14174,622
P15692,331
P35869,876
P48147,848
Q6P988,678
Q9UKP6,748
P67870|P68400|P19784,916
P01584,351
Q86SK9,486
Q99835,962
P24864|P24941|O96020,1160
Q15382,469
O00311,1236
Q8TF76,826
Q96SW2,637
P36507,1087
Q02928,488
P52564,928
Q8WTQ7,864
P10826,723
P55085,411
Q00975,808
O94966,716
P04798,917
Q9GZV3,1059
P55789,1466
P78329,502
Q16875,921
Q9H5I1,803
O43318,938
Q92831,856
Q13936,783
P19838,871
Q96RR4,982
P55072,829
O00750,742
Q9H228,749
P20813,1055
O00418,1072
Q12884,876
Q8NI77,879
P55263,875
Q15746,927
P67870|P68400,1367
Q9UIQ6,536
P40337,454
P41143|P35372,1288
P23467,317
Q9UKV0,717
O00187,531
P62942,932
Q8N568,912
Q9Y239,910
P15121,1069
P30872,917
Q9UPE1,938
P41182,501
Q16678,953
P10276,794
P61088,1221
Q96BR1,943
Q92633,767
Q92993,536
P17706,1359
P21980,786
P22001,749
O15264|Q15759|Q16539|P53778,1054
Q9H7Z6,577
Q5T601,439
Q9NTG7,1142
O75914,948
P12821,1167
P22413,704
O15146,970
P15090,766
O95251,546
Q9NYL2,1384
Q8TD19,1010
O15055,388
Q7Z2W7,1032
Q9Y4K4,1395
P49336|P24863,1090
P29376,1132
P14616,1000
Q96L34,1069
O43497,1068
Q02156,1192
Q9H3Y6,1192
Q8IWQ3,994
P48426,1327
P57059,1025
P37059,1318
Q86Z02,1063
P04818,1038
P53985,392
Q96LD8,1263
Q9Y2T6,1043
P29320,1015
P34995,1326
Q13237,1229
Q99873,930
Q99808,1454
P49238,520
Q13554,1295
P32246,1177
P51677,1371
Q8TCW9,316
Q13470,1000
Q5XXA6,429
Q06495,542
P47898,1502
O43193,1543
P49336,1347
Q9H2X6,1409
Q9HC29,1133
P43250,1030
Q96PF2,1192
O00255,690
Q14432|Q13370,1465
Q9H2G2,1448
Q9P0L2,1098
P14867|P18507|P28472,951
Q9H0K1,1165
Q9UQL6,1035
Q6DWJ6,379
P00338,899
Q99814,619
P52732,1260
Q14012,1409
P48764,494
O15164,1551
P25116,1301
Q8NE63,1349
Q08209,930
Q14145,1167
P35346,1245
P53355,1094
Q9P286,1077
O95835,808
Q15761,1486
P29474,1228
P46663,1391
P55201,1561
O75909|Q9NYV4,1018
P21918,1449
O95497,467
P36896,963
P08842,890
Q96RJ0,848
O00238,793
Q96SW2|Q16531,700
Q06710,1661
Q8TDS4,1014
P14920,600
Q13555,1387
P43088,855
P32241,1016
Q9UQB9,1151
Q13191,1153
P10632,1480
P00519|P11274,1105
Q9NRA0,1149
P27986|O00329,1471
P08238,1095
O95977,981
P09769,1159
P54803,1986
P24723,1242
P37023,792
P24530,1750
P47989,1093
P35270,1123
Q96PY6,1363
Q9H8M2,727
P15559,1002
P54753,1263
P06493|P14635,1577
P43115,1327
P00749,1744
O60285,1292
Q9H0H5,2057
Q9NQU5,1205
Q8TDX7,1171
P29323,1258
Q9UQM7,1434
Q9NQS5,951
Q13177,1314
P22894,1770
Q9H2K2,1135
Q9UEE5,1505
Q15139,1254
P35228,1522
P32745,1117
P53396,770
Q16584,947
Q9H4B4,1715
O15427,427
O95271,1218
P48067,1784
Q16513,1617
Q9HC98,1287
P29475,1620
Q9Y271,1202
Q12852,1243
Q7L7X3,1662
Q9BXA7,1477
O96028,1278
P36894,877
P42684,1236
Q9HBY8,1545
Q9Y5Y9,935
P50281,1535
P00740,1266
Q9UBF8,1372
P47900,1080
P43116,1275
Q9UKE5,1263
Q9P289,1317
P42330,1219
P05181,1168
Q16769,1311
O43293,1662
O95470,290
Q9UK32,1148
P51946|P50613|P51948,1101
Q9P2K8,939
P54764,1307
Q16566,1413
Q8NBP7|P01130,496
Q9UGN5,1332
Q8TDC3,1560
P17752,843
P14061,1408
P08235,1452
P30988,1066
P24666,988
O94804,1372
O75676,1213
Q86TI2,1693
P49286,1226
P07477|P07478|P35030,2080
Q9NYA1,1417
Q16602,975
P19784,1259
Q16644,1628
P05556|P13612,1476
P08575,1370
P24941|P20248|P78396,1970
P50613,1448
O95342,1503
Q96GG9|P61081,867
P51817,1681
P15735,1580
P50053,447
Q9H244,1392
P08311,1443
P30559,1345
P43403,1627
O00767,1236
Q9UHL4,1868
Q93009,1090
P00747,2035
P50579,1323
O94806,1819
P46095,946
Q13639,1151
Q8NBP7,720
P11597,1562
P07332,1678
Q9Y5S2,1291
Q96P20,1324
P00750,1451
P05186,1502
P08473,1203
P04035,1373
P25024,1340
P42685,1632
Q05513,1797
Q8N4C8,1771
Q04912,1684
Q9Y6M4,1705
Q00653|P19838|Q04206,1989
Q15119,1134
Q92630,1771
Q15349,1359
O14746,1255
P53667,1855
P05129,1812
Q9NPD5,2151
Q92794,969
P16591,1687
P22748,2050
P24385|Q00534,626
P42680,1373
P30926|P32297,1264
P26572,853
Q6V1X1,2109
P25105,1490
O43175,781
O95136,1170
Q8IU85,1511
Q9HCP0,1779
P11940,1412
Q16832,1496
Q5BJF2,1252
P47871,1794
P04637|Q00987,1806
P78368,1796
P30281|Q00534,1088
P41240,1665
P43166,1927
P33527,1746
P48039,1447
Q15118,1965
Q9UBL9,570
Q13131,1978
Q9Y6L6,2246
P27448,1985
P05164,869
P30613,742
Q9HC97,1042
P11509,1362
Q7KZI7,1858
Q96S37,1291
Q13153,2039
P07477,2160
Q9Y5X9,1398
P51813,1406
Q09472,1432
Q16288,2076
O75530,618
P48729,2145
Q5VT25,1927
P09960,1265
Q99816,2327
Q96DB2,1207
Q12851,2076
P27815,1999
P42681,1421
P49759,2079
P47901,1377
P54646,1420
P41743,2197
Q13255,1460
Q13882,1886
P48775,1512
P30989,1205
Q13557,2010
P02753,418
Q15759,1852
Q13976,1743
P02768,1707
Q15303,2120
P08922,1785
P05106|P06756,2080
P21462,1309
P34998,2495
Q15059,1199
P17931,1214
Q92743,969
P00748,1799
Q96PD7,1094
Q8IW41,2095
Q9BZL6,2161
P51451,1942
Q9UNA0,1299
Q96SB4,1865
Q92731|P03372,1788
Q14289,2174
P07947,1805
Q460N5,754
P49761,2219
Q9Y463,2263
Q9Y4K0,1038
O15264,2074
P51679,1628
Q05655,2419
Q01726,1412
P56704,559
O14649,910
Q9UBL9|P56373,951
P06756|P18564,966
P28221,2127
O76083,1100
P28222,2322
P24941|P20248,2230
O75030,881
P55210,3046
P35557,1515
O60502,937
Q15910|O75530|Q15022|Q6ZN18|Q09028,490
Q99558,1659
Q8TDU6,1537
Q8NHM5,693
P35368,2538
P08631,1789
Q15418,1815
P51617,1962
Q07912,2145
Q9Y243,2338
P27986|P42336,2524
O75385,1096
P37173,1503
P28074,1862
P24557,2115
P02766,1154
P11021,3268
P35408,1661
Q15910|O75530|Q15022,432
O15111,1942
P27815|Q08499|Q07343|Q08493,2279
Q86W56,928
Q10469,1298
Q00534,1801
P49354|P49356,2397
P35916,2446
O96013,2589
P08254,2821
Q00535,2509
O95180,2216
P53778,2151
P18054,3028
O43353,1657
P48048,1435
P05106|P08514,2362
P30968,1771
Q02763,2415
Q9UDY8,1243
P35498,1028
O00444,2084
O75582,2168
P32239,2750
Q13043,1810
P25440,1269
Q04759,2527
P17612,2622
O14744,1900
O75907,1595
Q96EB6,2241
P54289,1060
Q14680,2654
P61073,1888
P30291,1874
P13569,1422
P50052,1852
P51955,2617
P05093,1835
P30518,2400
P00374,2125
P49146,2244
P42574,2967
P30874,1627
Q14164,2178
P49682,1940
P29371,1420
Q13188,2368
P56524,2083
P07900|P08238,1912
P21452,2239
P25025,2376
P30411,2381
Q13535|Q8WXE1,786
Q07889,1137
P25106,1605
P31639,1768
O43683,1565
Q13324|P24387,2420
Q15910,1600
P07858,3117
P13866,1554
Q8IXJ6,2562
P48735,735
P17787|P43681,1950
P54132,3043
Q16620,2647
P25774,3079
O96017,2907
P33032,2420
Q00535|Q15078,3211
P07711,3630
P54760,2551
P15538,2114
P25100,2942
Q9HAZ1,2950
P04628,1165
Q14432,3327
O00141,2197
P49760,3400
P32238,2423
P05771,2014
P06493,3378
P11802|P24385,2633
P11802,2448
P06870,1411
Q14833,1992
P53634,1117
P53779,3184
Q13133,1860
P49674,2451
Q16853,1236
P29317,2898
P51812,2976
Q16236|Q14145,1978
P18089,2786
P21589,1305
Q8TDV5,2352
Q07817,2432
P43235,2939
Q9H3N8,2710
P21730,1882
O15552,959
P31391,1542
Q9UM07,1679
Q96BI3|Q9NZ42|Q8WW43|P49768|Q92542|P49810,2863
P46098,3354
P25929,3144
O95819,2717
Q8NEB9,1484
P40763,2370
P25101,3461
O14684,2416
Q9UNQ0,2212
O75460,1413
P18825,2982
P34913,3211
Q02750,3202
Q96RG2,1668
P36544,2497
O00459,1616
Q08345,2222
P68400,2649
P06280,4437
P78536,3209
P30556,3417
P31153,1542
Q13541,1798
Q9H7B4,1881
P49327,2479
Q9NZQ7,1578
P46063,4598
P45984,3942
P50750,2903
P11308,5216
P45452,3806
P08912,3289
P61964,2171
O76074,3748
P25021,3200
P00797,3420
P21731,3531
P55055,2636
O00519,3057
P41968,2994
O00167,5756
P33981,2569
P31751,3435
P23443,3810
Q14524,3638
P51681,3552
P06213,4078
Q96RI0,1401
Q99705,4228
O00763,4107
Q9UQD0,1175
P49137,3913
O14920,3661
Q5NUL3,2159
Q14123,844
P29375,1147
P27361,3394
Q05586|Q13224,2378
P19793,2591
P13945,3213
P17252,4085
Q92847,3410
Q9BUB5,2748
P19099,2450
Q13224,2150
P45983,4536
O15379,3659
P68371|Q9H4B7|P0DPH7|P68366|Q13509|Q71U36|P04350|Q3ZCM7|P07437|P68363|Q9BQE3|Q6PEY2|Q13885|Q9BVA1|Q9BUF5,2827
P54750,781
P07948,3012
Q16665,3254
P41597,3372
Q9GZT9,2296
P28845,3993
P01375,2582
P29466,5003
Q14416,2259
P07900,3568
Q05397,4358
Q9UGL1,1138
P78527,2256
Q02127,2997
O75762,2311
Q9HBX9,5364
P11388,3572
Q2M2I8,1496
P16234,2739
Q13315,4199
Q9Y5Y4,3590
Q99500,2947
Q03181,3985
Q04771,2358
Q9Y5Z0,2414
P25103,4197
P11511,4000
O75469,3657
P09917,3571
O43570,5579
P14780,5139
P08588,4516
P48730,4423
O15296,7047
O15530,3970
P03956,5506
P16050,6483
P20292,2438
Q70CQ3,1318
Q9HBH9,3670
Q08881,3427
P17948,4598
Q86WV6,1943
Q13547|O15379|Q9UBN7|Q92769|Q9UQL6|Q8WUI4|Q9BY41|Q96DB2|P56524|Q9UKV0|Q969S8,4461
Q07343,3559
Q99683,2789
P34969,4605
P41146,3162
P37288,3941
Q9BY41,4591
P11387,4625
P09619,4327
O14842,3098
Q01196|Q13951,7453
P49840,3756
Q92769,4706
P07339,4082
P10828,6419
Q7Z3E1,1117
P35367,5105
P08253,6121
O60563|P50750,4078
P06276,5900
P98170,2438
P27487,5752
Q99685,3241
Q01064,1114
Q9UBT6,7728
Q07820|O43521,1919
Q86V86,3937
P08173,4302
P06401,4705
O75604,8174
Q99720,4945
P08069,5805
O14757,5788
P21917,5198
Q14191,8524
P42338,4478
Q16790,6970
P35348,5032
Q9Y336,9033
P41594,4219
P08246,5313
P18031,6058
P24864|P24941,3663
P23219,5645
Q96GD4,5596
Q08499,4712
Q06418,3890
Q07869,5088
P78540,9258
Q9UM73,4570
Q92731,5209
P07333,4857
P08913,4296
P25090,2940
P09874,5736
Q9H3R0,1601
P00742,7731
P24941,6790
Q13822,3624
Q9P1W9,5478
P05067,5378
O00408,3436
P20309,5954
Q8NER1,5731
Q07820,4541
Q13464,5473
P36897,3852
P50406,6630
P10646,1918
P04626,6312
P21728,5562
P06241,4376
P29275,6779
P32245,5213
P41595,5664
Q9Y5N1,7503
Q8WZA2,10804
O14965,8235
P21453,4567
Q06124,4024
P08172,6260
P06239,6941
P37840,11054
P54646|O43741|P54619|Q9UGJ0|Q9Y478|Q13131|Q9UGI9,11704
P23975,7527
Q9HC16,9893
P22455,3847
P43490,5425
Q9UHD2,4285
P07550,6858
Q92793,4189
P03951,3842
P30530,5314
Q01959,7766
P28335,7568
Q00987,5457
P21802,4774
Q96RI1,5116
P17405,13578
Q12866,4386
P49798,13734
Q13535,2823
P14902,5307
O14744|Q9BQA1,3159
P00734,10739
Q9Y233,6408
P11229,7659
Q92830,13974
P00915,9745
Q9Y468,13946
P10275,6579
Q8IUX4,12449
P11166,14119
P14618,7276
P35354,9137
P12931,8548
O95398,14773
P04062,12616
P10415,4073
P08183,6512
Q6W5P4,15070
Q15116|Q9NZQ7,4403
P00746,4573
P38398,15824
P22607,5738
P37231,8342
P04049,5341
P31645,9704
Q16539,9226
P31749,7448
P41143,9627
Q15858,8748
P01116,3158
Q13546,5069
Q03164,17324
P43405,7880
P42345,10316
P39748,12638
Q9Y3Z3,17606
Q13627,6675
P27338,8066
P04150,6458
Q5S007,5447
P35414,3956
P08908,9874
O15118,18701
P0DMS8,10904
Q13547,11170
P42858,18835
P56373,5239
P21397,9645
P00918,11837
P08581,8821
P36888,8899
P22303,11371
P30542,11314
O75116,8559
P35462,10284
Q99714,15367
P48736,8109
Q9NR96,4153
P28223,10201
P42336,10744
Q9Y253,19113
P62826|Q14974|O95149,21848
P11309,8606
P11362,8523
P51151,21980
P34972,11399
Q9NR97,4874
P49841,10773
P41145,10509
P29274,13570
P06746,23238
O94925,17563
O43613,8181
P03952,5082
P10721,6423
P00519,7594
Q14974|O95149,25085
P21554,12800
P15056,8864
P15428,24526
P03372,10161
Q9NYK1,6356
P11473,21872
P04629,8836
P56817,12299
O94782,23379
P05177,24481
O60341,6087
P01215,29269
P53350,27488
Q9UBN7,14320
P35968,17115
Q92918,6615
P16473,17177
O43614,9199
P33261,23548
Q99572,6338
P35372,13524
Q9NWZ3,11282
P14416,14712
P11712,26986
P52333,11689
Q16637,33603
Q9NR56,34245
P10253,22401
P10635,28083
P02545,36231
Q13526,36421
P28482,23956
O00329,11886
P27695,37001
Q13148,39978
B2RXH2,39588
Q12809,26310
P29597,10499
Q03431,46869
P23458,14342
P51449,12900
O00255|Q03164,44429
P04637,36524
O75164,51832
Q99700,54072
Q9UIF8,55869
O60674,17640
P08684,35596
O60885,14853
P00533,19118
Q06187,14905
ENSG00000284190,32140
P84022,64088
O75874,39616
P00352,76084
P07949,6586
P83916,92055
Q96KQ7,91424
P10636,67457
Q16236,86772
P63092,98892
P43220,107368
Q9UNA4,115085
Q96QE3,98092
O75496,99549
Q9NUW8,196805